destinations_count;cost;execution_time;sequence
4;43006;4.23065853118896484375;[1, 2, 3]
4;43006;4.30504798889160156250;[1, 2, 3]
4;43006;4.29980564117431640625;[1, 2, 3]
4;43006;4.52070379257202148438;[1, 2, 3]
4;43006;4.25637388229370117188;[1, 2, 3]
4;43006;4.24956560134887695312;[1, 2, 3]
4;43006;4.30962586402893066406;[1, 2, 3]
4;43006;4.22562813758850097656;[1, 2, 3]
4;43006;4.27391171455383300781;[1, 2, 3]
4;43006;4.19381332397460937500;[1, 2, 3]
4;43006;4.53693771362304687500;[1, 2, 3]
4;43006;4.47661495208740234375;[1, 2, 3]
4;43006;4.55659532546997070312;[1, 2, 3]
4;43006;4.47929167747497558594;[1, 2, 3]
4;43006;4.48090982437133789062;[1, 2, 3]
4;43006;4.55305242538452148438;[1, 2, 3]
4;43006;4.55955386161804199219;[1, 2, 3]
4;43006;4.50327491760253906250;[1, 2, 3]
4;43006;4.43887805938720703125;[1, 2, 3]
4;43006;4.50982093811035156250;[1, 2, 3]
4;43006;4.52764320373535156250;[1, 2, 3]
4;43006;4.45282101631164550781;[1, 2, 3]
4;43006;4.48805975914001464844;[1, 2, 3]
4;43006;4.44744777679443359375;[1, 2, 3]
4;43006;4.45656871795654296875;[1, 2, 3]
4;43006;4.44490456581115722656;[1, 2, 3]
4;43006;4.54916667938232421875;[1, 2, 3]
4;43006;4.47230505943298339844;[1, 2, 3]
4;43006;4.50567364692687988281;[1, 2, 3]
4;43006;4.48720836639404296875;[1, 2, 3]
4;43006;4.41663742065429687500;[1, 2, 3]
5;43674;5.05575132369995117188;[1, 4, 2, 3]
5;43674;5.01944756507873535156;[1, 4, 2, 3]
5;43674;4.99952268600463867188;[1, 4, 2, 3]
5;43674;5.00350022315979003906;[1, 4, 2, 3]
5;43674;5.03884458541870117188;[1, 4, 2, 3]
5;43674;5.00760674476623535156;[1, 4, 2, 3]
5;43674;5.02109766006469726562;[1, 4, 2, 3]
5;43674;5.00893688201904296875;[1, 4, 2, 3]
5;43674;5.00147151947021484375;[1, 4, 2, 3]
5;43674;5.02009081840515136719;[1, 4, 2, 3]
5;43674;4.99164843559265136719;[1, 4, 2, 3]
5;43674;5.02113771438598632812;[1, 4, 2, 3]
5;43674;5.03304862976074218750;[1, 4, 2, 3]
5;43674;4.99568104743957519531;[1, 4, 2, 3]
5;43674;4.99738121032714843750;[1, 4, 2, 3]
5;43674;5.02727603912353515625;[1, 4, 2, 3]
5;43674;5.07055258750915527344;[1, 4, 2, 3]
5;43674;5.04664015769958496094;[1, 4, 2, 3]
5;43674;5.00929832458496093750;[1, 4, 2, 3]
5;43674;4.97939324378967285156;[1, 4, 2, 3]
5;43674;5.06388425827026367188;[1, 4, 2, 3]
5;43674;5.12146806716918945312;[1, 4, 2, 3]
5;43674;5.03821682929992675781;[1, 4, 2, 3]
5;43674;5.08959627151489257812;[1, 4, 2, 3]
5;43674;5.01323437690734863281;[1, 4, 2, 3]
5;43674;5.01341438293457031250;[1, 4, 2, 3]
5;43674;5.04606890678405761719;[1, 4, 2, 3]
5;43674;5.01504778861999511719;[1, 4, 2, 3]
5;43674;5.07859301567077636719;[1, 4, 2, 3]
5;43674;5.09676957130432128906;[1, 4, 2, 3]
6;44858;5.27953076362609863281;[1, 5, 4, 2, 3]
6;44858;5.21201276779174804688;[1, 5, 4, 2, 3]
6;44858;5.26239967346191406250;[1, 5, 4, 2, 3]
6;44858;5.40143918991088867188;[1, 5, 4, 2, 3]
6;44858;5.35098838806152343750;[1, 5, 4, 2, 3]
6;44858;5.33237695693969726562;[1, 5, 4, 2, 3]
6;44858;5.19596266746520996094;[1, 5, 4, 2, 3]
6;44858;5.29008221626281738281;[1, 5, 4, 2, 3]
6;44858;5.24805736541748046875;[1, 5, 4, 2, 3]
6;44858;5.26282048225402832031;[1, 5, 4, 2, 3]
6;44858;5.27763843536376953125;[1, 5, 4, 2, 3]
6;44858;5.30984783172607421875;[1, 5, 4, 2, 3]
6;44858;5.27343416213989257812;[1, 5, 4, 2, 3]
6;44858;5.20688652992248535156;[1, 5, 4, 2, 3]
6;44858;5.23073577880859375000;[1, 5, 4, 2, 3]
6;44858;5.26137733459472656250;[1, 5, 4, 2, 3]
6;44858;5.23513269424438476562;[1, 5, 4, 2, 3]
6;44858;5.24848413467407226562;[1, 5, 4, 2, 3]
6;44858;5.14710640907287597656;[1, 5, 4, 2, 3]
6;44858;5.25326132774353027344;[1, 5, 4, 2, 3]
6;44858;5.22034215927124023438;[1, 5, 4, 2, 3]
6;44858;5.16799044609069824219;[1, 5, 4, 2, 3]
6;44858;5.27366566658020019531;[1, 5, 4, 2, 3]
6;44858;5.23648595809936523438;[1, 5, 4, 2, 3]
6;44858;5.19616413116455078125;[1, 5, 4, 2, 3]
6;44858;5.21176910400390625000;[1, 5, 4, 2, 3]
6;44858;5.19838619232177734375;[1, 5, 4, 2, 3]
6;44858;5.25658893585205078125;[1, 5, 4, 2, 3]
6;44858;5.27780318260192871094;[1, 5, 4, 2, 3]
6;44858;5.20718407630920410156;[1, 5, 4, 2, 3]
7;44365;5.75419449806213378906;[1, 6, 5, 4, 2, 3]
7;44365;5.65197658538818359375;[1, 6, 5, 4, 2, 3]
7;44365;5.59207940101623535156;[1, 6, 5, 4, 2, 3]
7;44365;5.67729234695434570312;[1, 6, 5, 4, 2, 3]
7;44365;5.63920164108276367188;[1, 6, 5, 4, 2, 3]
7;44365;5.85564303398132324219;[1, 6, 5, 4, 2, 3]
7;44365;5.63937950134277343750;[1, 6, 5, 4, 2, 3]
7;44365;5.61642837524414062500;[1, 6, 5, 4, 2, 3]
7;44365;5.64755439758300781250;[1, 6, 5, 4, 2, 3]
7;44365;5.63235235214233398438;[1, 6, 5, 4, 2, 3]
7;44365;5.57927036285400390625;[1, 6, 5, 4, 2, 3]
7;44365;5.69185972213745117188;[1, 6, 5, 4, 2, 3]
7;44365;5.89478039741516113281;[1, 6, 5, 4, 2, 3]
7;44365;5.58745050430297851562;[1, 6, 5, 4, 2, 3]
7;44365;5.89361190795898437500;[1, 6, 5, 4, 2, 3]
7;44365;5.63553166389465332031;[1, 6, 5, 4, 2, 3]
7;44365;5.63313913345336914062;[1, 6, 5, 4, 2, 3]
7;44365;6.06838130950927734375;[1, 6, 5, 4, 2, 3]
7;44365;6.11656117439270019531;[1, 6, 5, 4, 2, 3]
7;44365;5.63362431526184082031;[1, 6, 5, 4, 2, 3]
7;44365;5.65984678268432617188;[1, 6, 5, 4, 2, 3]
7;44365;5.62684369087219238281;[1, 6, 5, 4, 2, 3]
7;44365;5.71271610260009765625;[1, 6, 5, 4, 2, 3]
7;44365;5.63846659660339355469;[1, 6, 5, 4, 2, 3]
7;44365;6.02749729156494140625;[1, 6, 5, 4, 2, 3]
7;44365;5.55108308792114257812;[1, 6, 5, 4, 2, 3]
7;44365;5.68113422393798828125;[1, 6, 5, 4, 2, 3]
7;44365;5.67128562927246093750;[1, 6, 5, 4, 2, 3]
7;44365;5.56412982940673828125;[1, 6, 5, 4, 2, 3]
7;44365;5.66666054725646972656;[1, 6, 5, 4, 2, 3]
8;45879;5.90167522430419921875;[1, 6, 5, 7, 4, 2, 3]
8;45879;5.86461305618286132812;[1, 6, 5, 7, 4, 2, 3]
8;45879;5.89670300483703613281;[1, 6, 5, 7, 4, 2, 3]
8;45879;5.88548040390014648438;[1, 6, 5, 7, 4, 2, 3]
8;45879;5.93606853485107421875;[1, 6, 5, 7, 4, 2, 3]
8;45879;5.85984945297241210938;[1, 6, 5, 7, 4, 2, 3]
8;45879;5.84424948692321777344;[1, 6, 5, 7, 4, 2, 3]
8;45879;5.89770340919494628906;[1, 6, 5, 7, 4, 2, 3]
8;45879;6.13329124450683593750;[1, 6, 5, 7, 4, 2, 3]
8;45879;5.89604401588439941406;[1, 6, 5, 7, 4, 2, 3]
8;45880;5.88900542259216308594;[6, 5, 7, 4, 2, 3, 1]
8;45879;5.92810368537902832031;[1, 6, 5, 7, 4, 2, 3]
8;45879;5.81735181808471679688;[1, 6, 5, 7, 4, 2, 3]
8;45879;5.79294371604919433594;[1, 6, 5, 7, 4, 2, 3]
8;45879;5.77572321891784667969;[1, 6, 5, 7, 4, 2, 3]
8;45879;5.84024453163146972656;[1, 6, 5, 7, 4, 2, 3]
8;45879;5.88928914070129394531;[1, 6, 5, 7, 4, 2, 3]
8;45879;5.81889891624450683594;[1, 6, 5, 7, 4, 2, 3]
8;45879;5.85047531127929687500;[1, 6, 5, 7, 4, 2, 3]
8;45879;5.83822131156921386719;[1, 6, 5, 7, 4, 2, 3]
8;45879;5.82225227355957031250;[1, 6, 5, 7, 4, 2, 3]
8;45879;5.89210820198059082031;[1, 6, 5, 7, 4, 2, 3]
8;45879;5.85067534446716308594;[1, 6, 5, 7, 4, 2, 3]
8;45879;5.87754034996032714844;[1, 6, 5, 7, 4, 2, 3]
8;45879;5.90381336212158203125;[1, 6, 5, 7, 4, 2, 3]
8;45879;5.79853987693786621094;[1, 6, 5, 7, 4, 2, 3]
8;45879;5.86297488212585449219;[1, 6, 5, 7, 4, 2, 3]
8;45879;5.92857217788696289062;[1, 6, 5, 7, 4, 2, 3]
8;45880;5.97672319412231445312;[6, 5, 7, 4, 2, 3, 1]
8;45879;5.95228695869445800781;[1, 6, 5, 7, 4, 2, 3]
9;56867;6.11251759529113769531;[1, 6, 5, 7, 4, 8, 2, 3]
9;56867;6.12533593177795410156;[1, 6, 5, 7, 4, 8, 2, 3]
9;56867;6.24470114707946777344;[1, 6, 5, 7, 4, 8, 2, 3]
9;56867;6.14179158210754394531;[1, 6, 5, 7, 4, 8, 2, 3]
9;56867;6.12235474586486816406;[1, 6, 5, 7, 4, 8, 2, 3]
9;56867;6.10196900367736816406;[1, 6, 5, 7, 4, 8, 2, 3]
9;56867;6.16817760467529296875;[1, 6, 5, 7, 4, 8, 2, 3]
9;56867;6.05953454971313476562;[1, 6, 5, 7, 4, 8, 2, 3]
9;56867;6.09218811988830566406;[1, 6, 5, 7, 4, 8, 2, 3]
9;56868;6.07511734962463378906;[6, 5, 7, 4, 8, 2, 3, 1]
9;56868;6.10857915878295898438;[6, 5, 7, 4, 8, 2, 3, 1]
9;56868;6.08181667327880859375;[6, 5, 7, 4, 8, 2, 3, 1]
9;56868;6.00835847854614257812;[6, 5, 7, 4, 8, 2, 3, 1]
9;56867;6.05354905128479003906;[1, 6, 5, 7, 4, 8, 2, 3]
9;56868;6.09463071823120117188;[6, 5, 7, 4, 8, 2, 3, 1]
9;56868;6.05531263351440429688;[6, 5, 7, 4, 8, 2, 3, 1]
9;56867;6.09374094009399414062;[1, 6, 5, 7, 4, 8, 2, 3]
9;56868;6.11008572578430175781;[6, 5, 7, 4, 8, 2, 3, 1]
9;56867;6.00858879089355468750;[1, 6, 5, 7, 4, 8, 2, 3]
9;56868;6.06094145774841308594;[6, 5, 7, 4, 8, 2, 3, 1]
9;56868;6.12208628654479980469;[6, 5, 7, 4, 8, 2, 3, 1]
9;56867;6.08859133720397949219;[1, 6, 5, 7, 4, 8, 2, 3]
9;56868;6.05674409866333007812;[6, 5, 7, 4, 8, 2, 3, 1]
9;56867;6.04683399200439453125;[1, 6, 5, 7, 4, 8, 2, 3]
9;56867;6.12499904632568359375;[1, 6, 5, 7, 4, 8, 2, 3]
9;56867;6.26965093612670898438;[1, 6, 5, 7, 4, 8, 2, 3]
9;56868;6.15346455574035644531;[6, 5, 7, 4, 8, 2, 3, 1]
9;56868;6.11759209632873535156;[6, 5, 7, 4, 8, 2, 3, 1]
9;56867;6.19009566307067871094;[1, 6, 5, 7, 4, 8, 2, 3]
9;56868;6.16902208328247070312;[6, 5, 7, 4, 8, 2, 3, 1]
10;60935;6.59918475151062011719;[6, 5, 7, 4, 9, 8, 2, 3, 1]
10;60935;6.53675007820129394531;[6, 5, 7, 4, 9, 8, 2, 3, 1]
10;60934;6.49536895751953125000;[1, 6, 5, 7, 4, 9, 8, 2, 3]
10;60934;6.61972546577453613281;[1, 6, 5, 7, 4, 9, 8, 2, 3]
10;60935;6.50745201110839843750;[6, 5, 7, 4, 9, 8, 2, 3, 1]
10;60934;6.58106493949890136719;[1, 6, 5, 7, 4, 9, 8, 2, 3]
10;60935;6.63335251808166503906;[6, 5, 7, 4, 9, 8, 2, 3, 1]
10;60934;6.55109667778015136719;[1, 6, 5, 7, 4, 8, 9, 2, 3]
10;60934;6.55912590026855468750;[1, 6, 5, 7, 4, 8, 9, 2, 3]
10;60934;6.50230145454406738281;[1, 6, 5, 7, 4, 9, 8, 2, 3]
10;60934;6.73120474815368652344;[1, 6, 5, 7, 4, 8, 9, 2, 3]
10;60934;6.47076129913330078125;[1, 6, 5, 7, 4, 8, 9, 2, 3]
10;60934;6.58825230598449707031;[1, 6, 5, 7, 4, 9, 8, 2, 3]
10;60934;6.54307484626770019531;[1, 6, 5, 7, 4, 9, 8, 2, 3]
10;60934;6.60705423355102539062;[1, 6, 5, 7, 4, 8, 9, 2, 3]
10;60934;6.70566201210021972656;[1, 6, 5, 7, 4, 9, 8, 2, 3]
10;60934;6.61479020118713378906;[1, 6, 5, 7, 4, 8, 9, 2, 3]
10;60934;6.63958215713500976562;[1, 6, 5, 7, 4, 8, 9, 2, 3]
10;60935;6.61277675628662109375;[6, 5, 7, 4, 8, 9, 2, 3, 1]
10;60935;6.56501626968383789062;[6, 5, 7, 4, 8, 9, 2, 3, 1]
10;60935;6.55636525154113769531;[6, 5, 7, 4, 9, 8, 2, 3, 1]
10;60934;6.56535077095031738281;[1, 6, 5, 7, 4, 8, 9, 2, 3]
10;60935;6.47882437705993652344;[6, 5, 7, 4, 8, 9, 2, 3, 1]
10;60935;6.57312464714050292969;[6, 5, 7, 4, 8, 9, 2, 3, 1]
10;60935;6.53838753700256347656;[6, 5, 7, 4, 8, 9, 2, 3, 1]
10;60934;6.46756839752197265625;[1, 6, 5, 7, 4, 9, 8, 2, 3]
10;60934;6.57008576393127441406;[1, 6, 5, 7, 4, 8, 9, 2, 3]
10;60934;6.59242486953735351562;[1, 6, 5, 7, 4, 9, 8, 2, 3]
10;60935;6.59677410125732421875;[6, 5, 7, 4, 8, 9, 2, 3, 1]
10;60934;6.49173188209533691406;[1, 6, 5, 7, 4, 9, 8, 2, 3]
11;61831;8.03223061561584472656;[1, 6, 5, 7, 4, 10, 8, 9, 2, 3]
11;61831;7.81165242195129394531;[1, 6, 5, 7, 4, 8, 9, 10, 2, 3]
11;61832;7.80373501777648925781;[6, 5, 7, 4, 9, 8, 10, 2, 3, 1]
11;61831;7.85791563987731933594;[1, 6, 5, 7, 4, 8, 9, 10, 2, 3]
11;61831;7.99209594726562500000;[1, 6, 5, 7, 4, 9, 8, 10, 2, 3]
11;61831;7.80440545082092285156;[1, 6, 5, 7, 4, 10, 8, 9, 2, 3]
11;61832;7.74190592765808105469;[6, 5, 7, 4, 8, 9, 10, 2, 3, 1]
11;61832;7.90283131599426269531;[6, 5, 7, 4, 9, 8, 10, 2, 3, 1]
11;61832;7.93931007385253906250;[6, 5, 7, 4, 9, 8, 10, 2, 3, 1]
11;61832;7.80108857154846191406;[6, 5, 7, 4, 8, 9, 10, 2, 3, 1]
11;61832;7.79887557029724121094;[6, 5, 7, 4, 9, 8, 10, 2, 3, 1]
11;61832;7.81765413284301757812;[6, 5, 7, 4, 8, 9, 10, 2, 3, 1]
11;61832;7.87810540199279785156;[6, 5, 7, 4, 8, 9, 10, 2, 3, 1]
11;61832;7.83351659774780273438;[6, 5, 7, 4, 10, 9, 8, 2, 3, 1]
11;61832;7.79787206649780273438;[6, 5, 7, 4, 9, 8, 10, 2, 3, 1]
11;61832;7.99817371368408203125;[6, 5, 7, 4, 8, 9, 10, 2, 3, 1]
11;61832;7.75801014900207519531;[6, 5, 7, 4, 10, 9, 8, 2, 3, 1]
11;61832;7.75386834144592285156;[6, 5, 7, 4, 8, 9, 10, 2, 3, 1]
11;61832;7.85658645629882812500;[6, 5, 7, 4, 9, 8, 10, 2, 3, 1]
11;61831;7.91643714904785156250;[1, 6, 5, 7, 4, 9, 8, 10, 2, 3]
11;61831;7.81292319297790527344;[1, 6, 5, 7, 4, 8, 9, 10, 2, 3]
11;61832;7.77821111679077148438;[6, 5, 7, 4, 9, 8, 10, 2, 3, 1]
11;61831;7.79210567474365234375;[1, 6, 5, 7, 4, 8, 9, 10, 2, 3]
11;61831;7.80898141860961914062;[1, 6, 5, 7, 4, 10, 9, 8, 2, 3]
11;61832;7.72113084793090820312;[6, 5, 7, 4, 10, 8, 9, 2, 3, 1]
11;61831;7.83112812042236328125;[1, 6, 5, 7, 4, 9, 8, 10, 2, 3]
11;61832;7.79784059524536132812;[6, 5, 7, 4, 10, 8, 9, 2, 3, 1]
11;61831;7.86556458473205566406;[1, 6, 5, 7, 4, 8, 9, 10, 2, 3]
11;61832;7.89683938026428222656;[6, 5, 7, 4, 9, 8, 10, 2, 3, 1]
11;61832;7.89932131767272949219;[6, 5, 7, 4, 10, 8, 9, 2, 3, 1]
12;61980;8.46491789817810058594;[6, 5, 7, 4, 10, 8, 9, 11, 2, 3, 1]
12;61980;8.44390106201171875000;[6, 5, 7, 4, 11, 9, 8, 10, 2, 3, 1]
12;61980;8.32574367523193359375;[6, 5, 7, 4, 8, 9, 11, 10, 2, 3, 1]
12;61980;8.29332971572875976562;[6, 5, 7, 4, 8, 9, 11, 10, 2, 3, 1]
12;61980;8.32807922363281250000;[6, 5, 7, 4, 10, 8, 9, 11, 2, 3, 1]
12;61980;8.59046292304992675781;[6, 5, 7, 4, 10, 8, 9, 11, 2, 3, 1]
12;61980;8.34270930290222167969;[6, 5, 7, 4, 8, 9, 11, 10, 2, 3, 1]
12;61980;8.39461660385131835938;[6, 5, 7, 4, 8, 9, 11, 10, 2, 3, 1]
12;61980;8.39354252815246582031;[6, 5, 7, 4, 11, 9, 8, 10, 2, 3, 1]
12;61979;8.32558989524841308594;[1, 6, 5, 7, 4, 10, 11, 9, 8, 2, 3]
12;61980;8.30238413810729980469;[6, 5, 7, 4, 10, 8, 9, 11, 2, 3, 1]
12;61979;8.34603190422058105469;[1, 6, 5, 7, 4, 11, 9, 8, 10, 2, 3]
12;61980;8.42607927322387695312;[6, 5, 7, 4, 8, 9, 11, 10, 2, 3, 1]
12;61979;8.40233588218688964844;[1, 6, 5, 7, 4, 10, 11, 9, 8, 2, 3]
12;61979;8.43939471244812011719;[1, 6, 5, 7, 4, 10, 11, 9, 8, 2, 3]
12;61980;8.34112882614135742188;[1, 6, 5, 7, 4, 9, 11, 8, 10, 2, 3]
12;61979;8.34320831298828125000;[1, 6, 5, 7, 4, 10, 11, 9, 8, 2, 3]
12;61980;8.34516859054565429688;[6, 5, 7, 4, 10, 8, 9, 11, 2, 3, 1]
12;61980;8.30802369117736816406;[6, 5, 7, 4, 11, 9, 8, 10, 2, 3, 1]
12;61979;8.36278319358825683594;[1, 6, 5, 7, 4, 11, 9, 8, 10, 2, 3]
12;61980;8.27219963073730468750;[6, 5, 7, 4, 10, 11, 9, 8, 2, 3, 1]
12;61979;8.35852241516113281250;[1, 6, 5, 7, 4, 10, 11, 9, 8, 2, 3]
12;61980;8.35706686973571777344;[6, 5, 7, 4, 11, 9, 8, 10, 2, 3, 1]
12;61980;8.33480095863342285156;[6, 5, 7, 4, 8, 9, 11, 10, 2, 3, 1]
12;61980;8.42566728591918945312;[6, 5, 7, 4, 10, 8, 9, 11, 2, 3, 1]
12;61980;8.33825135231018066406;[1, 6, 5, 7, 4, 10, 9, 11, 8, 2, 3]
12;61980;8.35406637191772460938;[6, 5, 7, 4, 10, 8, 9, 11, 2, 3, 1]
12;61980;8.32998538017272949219;[6, 5, 7, 4, 10, 11, 9, 8, 2, 3, 1]
12;61980;8.40870857238769531250;[6, 5, 7, 4, 10, 8, 9, 11, 2, 3, 1]
12;61979;8.37692236900329589844;[1, 6, 5, 7, 4, 11, 9, 8, 10, 2, 3]
13;75370;8.63961815834045410156;[1, 6, 5, 7, 4, 11, 9, 8, 10, 12, 2, 3]
13;75370;8.56201958656311035156;[1, 6, 5, 7, 4, 11, 9, 8, 10, 12, 2, 3]
13;74870;8.74729895591735839844;[6, 5, 7, 4, 2, 12, 10, 8, 9, 11, 3, 1]
13;74869;8.68384146690368652344;[1, 6, 5, 7, 4, 2, 12, 10, 11, 9, 8, 3]
13;74870;8.59633159637451171875;[6, 5, 7, 4, 2, 12, 10, 11, 9, 8, 3, 1]
13;74870;8.77208948135375976562;[6, 5, 7, 4, 2, 12, 10, 11, 9, 8, 3, 1]
13;74870;8.65861129760742187500;[6, 5, 7, 4, 2, 12, 10, 8, 9, 11, 3, 1]
13;74870;8.65381193161010742188;[6, 5, 7, 4, 2, 12, 10, 8, 9, 11, 3, 1]
13;74871;8.70540547370910644531;[6, 5, 7, 4, 2, 12, 10, 9, 11, 8, 3, 1]
13;75370;8.63831400871276855469;[1, 6, 5, 7, 4, 11, 9, 8, 10, 12, 2, 3]
13;74870;8.86662626266479492188;[6, 5, 7, 4, 2, 12, 10, 8, 9, 11, 3, 1]
13;74870;8.74777579307556152344;[6, 5, 7, 4, 2, 12, 10, 11, 9, 8, 3, 1]
13;75920;8.62780952453613281250;[1, 6, 5, 3, 2, 12, 10, 11, 9, 8, 4, 7]
13;74870;8.63255906105041503906;[6, 5, 7, 4, 2, 12, 10, 11, 9, 8, 3, 1]
13;75371;8.91117525100708007812;[1, 6, 5, 7, 4, 8, 11, 9, 10, 12, 2, 3]
13;74870;8.56181502342224121094;[6, 5, 7, 4, 2, 12, 10, 8, 9, 11, 3, 1]
13;74870;8.69319510459899902344;[6, 5, 7, 4, 2, 12, 10, 8, 9, 11, 3, 1]
13;74870;8.61392736434936523438;[6, 5, 7, 4, 2, 12, 10, 8, 9, 11, 3, 1]
13;74870;8.76405620574951171875;[6, 5, 7, 4, 2, 12, 10, 11, 9, 8, 3, 1]
13;74870;8.50739741325378417969;[6, 5, 7, 4, 2, 12, 10, 11, 9, 8, 3, 1]
13;74870;8.84572148323059082031;[6, 5, 7, 4, 2, 12, 10, 8, 9, 11, 3, 1]
13;74870;8.65244364738464355469;[6, 5, 7, 4, 2, 12, 10, 8, 9, 11, 3, 1]
13;74870;8.65179824829101562500;[6, 5, 7, 4, 2, 12, 10, 8, 9, 11, 3, 1]
13;74870;8.66269111633300781250;[6, 5, 7, 4, 2, 12, 10, 11, 9, 8, 3, 1]
13;74870;8.68486428260803222656;[6, 5, 7, 4, 2, 12, 10, 8, 9, 11, 3, 1]
13;74870;8.80859279632568359375;[6, 5, 7, 4, 2, 12, 10, 8, 9, 11, 3, 1]
13;74870;8.58522129058837890625;[6, 5, 7, 4, 2, 12, 10, 8, 9, 11, 3, 1]
13;75370;8.68110275268554687500;[1, 6, 5, 7, 4, 8, 9, 11, 10, 12, 2, 3]
13;74870;8.72437953948974609375;[6, 5, 7, 4, 2, 12, 10, 8, 9, 11, 3, 1]
13;74870;8.67236161231994628906;[6, 5, 7, 4, 2, 12, 10, 11, 9, 8, 3, 1]
14;73768;9.01410913467407226562;[1, 6, 5, 7, 4, 2, 13, 12, 10, 11, 9, 8, 3]
14;73769;8.90922093391418457031;[6, 5, 7, 4, 2, 13, 12, 10, 8, 9, 11, 3, 1]
14;73768;8.96220445632934570312;[1, 6, 5, 7, 4, 2, 13, 12, 10, 11, 9, 8, 3]
14;74819;9.09038519859313964844;[1, 6, 5, 3, 2, 13, 12, 10, 11, 9, 8, 4, 7]
14;73769;8.94993686676025390625;[6, 5, 7, 4, 2, 13, 12, 10, 8, 9, 11, 3, 1]
14;74563;9.13341069221496582031;[6, 5, 7, 4, 2, 13, 12, 11, 9, 8, 10, 3, 1]
14;73769;8.98707866668701171875;[6, 5, 7, 4, 2, 13, 12, 10, 11, 9, 8, 3, 1]
14;73770;8.97662544250488281250;[6, 5, 7, 4, 11, 9, 8, 10, 12, 13, 2, 3, 1]
14;73769;8.94626736640930175781;[6, 5, 7, 4, 2, 13, 12, 10, 8, 9, 11, 3, 1]
14;73769;9.11569952964782714844;[6, 5, 7, 4, 2, 13, 12, 10, 8, 9, 11, 3, 1]
14;73769;9.16303038597106933594;[6, 5, 7, 4, 2, 13, 12, 10, 11, 9, 8, 3, 1]
14;73769;9.14717149734497070312;[6, 5, 7, 4, 2, 13, 12, 10, 8, 9, 11, 3, 1]
14;73769;9.10180592536926269531;[6, 5, 7, 4, 2, 13, 12, 10, 8, 9, 11, 3, 1]
14;74819;9.12315392494201660156;[1, 6, 5, 2, 13, 12, 10, 8, 9, 11, 3, 4, 7]
14;73769;9.02009510993957519531;[6, 5, 7, 4, 2, 13, 12, 10, 8, 9, 11, 3, 1]
14;73770;8.90447950363159179688;[6, 5, 7, 4, 11, 9, 8, 10, 12, 13, 2, 3, 1]
14;73769;8.98264074325561523438;[6, 5, 7, 4, 2, 13, 12, 10, 11, 9, 8, 3, 1]
14;73768;8.98896265029907226562;[1, 6, 5, 7, 4, 2, 13, 12, 10, 8, 9, 11, 3]
14;73769;9.13720369338989257812;[6, 5, 7, 4, 2, 13, 12, 10, 11, 9, 8, 3, 1]
14;73769;9.12022900581359863281;[6, 5, 7, 4, 2, 13, 12, 10, 8, 9, 11, 3, 1]
14;73769;8.96342182159423828125;[6, 5, 7, 4, 2, 13, 12, 10, 11, 9, 8, 3, 1]
14;73769;8.92135930061340332031;[6, 5, 7, 4, 2, 13, 12, 10, 11, 9, 8, 3, 1]
14;73769;8.95489239692687988281;[6, 5, 7, 4, 2, 13, 12, 10, 8, 9, 11, 3, 1]
14;73769;9.09509491920471191406;[6, 5, 7, 4, 2, 13, 12, 10, 11, 9, 8, 3, 1]
14;73769;9.01626253128051757812;[6, 5, 7, 4, 2, 13, 12, 10, 11, 9, 8, 3, 1]
14;73769;9.05127978324890136719;[6, 5, 7, 4, 2, 13, 12, 10, 8, 9, 11, 3, 1]
14;73769;9.02380943298339843750;[1, 6, 5, 7, 4, 8, 9, 11, 10, 12, 13, 2, 3]
14;73769;8.95603919029235839844;[6, 5, 7, 4, 2, 13, 12, 10, 8, 9, 11, 3, 1]
14;74819;9.00202465057373046875;[1, 6, 5, 2, 13, 12, 10, 8, 9, 11, 3, 4, 7]
14;73769;9.03017354011535644531;[6, 5, 7, 4, 2, 13, 12, 10, 11, 9, 8, 3, 1]
15;78554;9.57344150543212890625;[6, 5, 7, 4, 2, 14, 12, 13, 10, 11, 9, 8, 3, 1]
15;78554;9.56832599639892578125;[6, 5, 7, 4, 2, 14, 12, 13, 10, 8, 9, 11, 3, 1]
15;78554;9.46764087677001953125;[6, 5, 7, 4, 2, 14, 12, 13, 10, 8, 9, 11, 3, 1]
15;78555;9.41870737075805664062;[6, 5, 7, 4, 8, 9, 11, 10, 13, 12, 14, 2, 3, 1]
15;78554;9.59922862052917480469;[1, 6, 5, 7, 4, 11, 9, 8, 10, 13, 12, 14, 2, 3]
15;78554;9.55282545089721679688;[6, 5, 7, 4, 2, 14, 12, 13, 10, 11, 9, 8, 3, 1]
15;78554;9.47988581657409667969;[6, 5, 7, 4, 2, 14, 12, 13, 10, 8, 9, 11, 3, 1]
15;79604;9.46950531005859375000;[1, 6, 5, 2, 14, 12, 13, 10, 11, 9, 8, 3, 4, 7]
15;78554;9.53414058685302734375;[1, 6, 5, 7, 4, 11, 9, 8, 10, 13, 12, 14, 2, 3]
15;78554;9.48577475547790527344;[6, 5, 7, 4, 2, 14, 12, 13, 10, 11, 9, 8, 3, 1]
15;78554;9.48878169059753417969;[6, 5, 7, 4, 2, 14, 12, 13, 10, 11, 9, 8, 3, 1]
15;78554;9.50957679748535156250;[6, 5, 7, 4, 2, 14, 12, 13, 10, 8, 9, 11, 3, 1]
15;78554;9.54056668281555175781;[6, 5, 7, 4, 2, 14, 12, 13, 10, 8, 9, 11, 3, 1]
15;78554;9.51078510284423828125;[6, 5, 7, 4, 2, 14, 12, 13, 10, 8, 9, 11, 3, 1]
15;78554;9.44593214988708496094;[1, 6, 5, 7, 4, 11, 9, 8, 10, 13, 12, 14, 2, 3]
15;79604;9.50719928741455078125;[1, 6, 5, 4, 2, 14, 12, 13, 10, 11, 9, 8, 3, 7]
15;78553;9.48272228240966796875;[1, 6, 5, 7, 4, 2, 14, 12, 13, 10, 11, 9, 8, 3]
15;78554;9.58421230316162109375;[6, 5, 7, 4, 2, 14, 12, 13, 10, 11, 9, 8, 3, 1]
15;78554;9.42681384086608886719;[6, 5, 7, 4, 2, 14, 12, 13, 10, 11, 9, 8, 3, 1]
15;78554;9.39846205711364746094;[6, 5, 7, 4, 2, 14, 12, 13, 10, 11, 9, 8, 3, 1]
15;78554;9.60041856765747070312;[6, 5, 7, 4, 2, 14, 12, 13, 10, 8, 9, 11, 3, 1]
15;78554;9.51863765716552734375;[6, 5, 7, 4, 2, 14, 12, 13, 10, 8, 9, 11, 3, 1]
15;78554;9.47960281372070312500;[6, 5, 7, 4, 2, 14, 12, 13, 10, 8, 9, 11, 3, 1]
15;78555;9.31452703475952148438;[1, 6, 5, 7, 4, 8, 11, 9, 10, 13, 12, 14, 2, 3]
15;78554;9.56701374053955078125;[6, 5, 7, 4, 2, 14, 12, 13, 10, 8, 9, 11, 3, 1]
15;78554;9.52272677421569824219;[6, 5, 7, 4, 2, 14, 12, 13, 10, 11, 9, 8, 3, 1]
15;78554;9.71944665908813476562;[6, 5, 7, 4, 2, 14, 12, 13, 10, 8, 9, 11, 3, 1]
15;78554;9.52305817604064941406;[6, 5, 7, 4, 2, 14, 12, 13, 10, 8, 9, 11, 3, 1]
15;78553;9.61643743515014648438;[1, 6, 5, 7, 4, 2, 14, 12, 13, 10, 11, 9, 8, 3]
15;78554;9.48358654975891113281;[6, 5, 7, 4, 2, 14, 12, 13, 10, 8, 9, 11, 3, 1]
16;80598;9.85400176048278808594;[6, 5, 7, 4, 2, 14, 12, 15, 13, 10, 8, 9, 11, 3, 1]
16;81648;9.93256354331970214844;[1, 6, 5, 2, 14, 12, 15, 13, 10, 8, 9, 11, 3, 4, 7]
16;81648;9.76904368400573730469;[1, 6, 5, 4, 3, 2, 14, 12, 15, 13, 10, 8, 9, 11, 7]
16;80598;9.83912014961242675781;[6, 5, 7, 4, 2, 14, 12, 15, 13, 10, 11, 9, 8, 3, 1]
16;80599;9.90965223312377929688;[6, 5, 7, 4, 8, 9, 11, 10, 13, 12, 15, 14, 2, 3, 1]
16;80598;9.98016762733459472656;[6, 5, 7, 4, 2, 14, 12, 15, 13, 10, 11, 9, 8, 3, 1]
16;80597;9.82301330566406250000;[1, 6, 5, 7, 4, 2, 14, 15, 12, 13, 10, 11, 9, 8, 3]
16;80598;9.82498574256896972656;[6, 5, 7, 4, 2, 14, 12, 15, 13, 10, 8, 9, 11, 3, 1]
16;81648;9.92376399040222167969;[1, 6, 5, 2, 14, 15, 12, 13, 10, 8, 9, 11, 3, 4, 7]
16;80598;9.87217950820922851562;[6, 5, 7, 4, 2, 14, 12, 15, 13, 10, 8, 9, 11, 3, 1]
16;80598;10.05284976959228515625;[6, 5, 7, 4, 2, 14, 15, 12, 13, 10, 11, 9, 8, 3, 1]
16;80598;9.89147233963012695312;[6, 5, 7, 4, 2, 14, 12, 15, 13, 10, 8, 9, 11, 3, 1]
16;80599;9.84649205207824707031;[6, 5, 7, 4, 11, 9, 8, 10, 13, 12, 15, 14, 2, 3, 1]
16;80598;9.99130272865295410156;[6, 5, 7, 4, 2, 14, 12, 15, 13, 10, 11, 9, 8, 3, 1]
16;80598;9.79248762130737304688;[6, 5, 7, 4, 2, 14, 12, 15, 13, 10, 8, 9, 11, 3, 1]
16;80598;9.85334444046020507812;[6, 5, 7, 4, 2, 14, 12, 15, 13, 10, 11, 9, 8, 3, 1]
16;80598;9.80625510215759277344;[6, 5, 7, 4, 2, 14, 12, 15, 13, 10, 11, 9, 8, 3, 1]
16;80598;9.86133837699890136719;[6, 5, 7, 4, 2, 14, 15, 12, 13, 10, 11, 9, 8, 3, 1]
16;80598;9.93716573715209960938;[6, 5, 7, 4, 2, 14, 12, 15, 13, 10, 8, 9, 11, 3, 1]
16;80598;10.05382752418518066406;[6, 5, 7, 4, 2, 14, 12, 15, 13, 10, 8, 9, 11, 3, 1]
16;81326;9.75071907043457031250;[6, 5, 7, 4, 2, 13, 12, 15, 14, 10, 9, 11, 8, 3, 1]
16;80598;9.93426322937011718750;[6, 5, 7, 4, 2, 14, 12, 15, 13, 10, 8, 9, 11, 3, 1]
16;80597;9.89516496658325195312;[1, 6, 5, 7, 4, 2, 14, 15, 12, 13, 10, 11, 9, 8, 3]
16;80598;9.92568159103393554688;[6, 5, 7, 4, 2, 14, 12, 15, 13, 10, 8, 9, 11, 3, 1]
16;80598;9.87435245513916015625;[6, 5, 7, 4, 2, 14, 15, 12, 13, 10, 11, 9, 8, 3, 1]
16;80598;9.87286686897277832031;[1, 6, 5, 7, 4, 11, 9, 8, 10, 13, 15, 12, 14, 2, 3]
16;80598;9.69211363792419433594;[6, 5, 7, 4, 2, 14, 12, 15, 13, 10, 8, 9, 11, 3, 1]
16;80598;9.98828577995300292969;[6, 5, 7, 4, 2, 14, 12, 15, 13, 10, 8, 9, 11, 3, 1]
16;80598;9.84336352348327636719;[6, 5, 7, 4, 2, 14, 12, 15, 13, 10, 8, 9, 11, 3, 1]
16;80598;9.81086874008178710938;[6, 5, 7, 4, 2, 14, 15, 12, 13, 10, 11, 9, 8, 3, 1]
17;80598;10.47587752342224121094;[6, 5, 7, 4, 2, 14, 12, 15, 16, 13, 10, 11, 9, 8, 3, 1]
17;80598;10.36595034599304199219;[6, 5, 7, 4, 2, 14, 16, 15, 12, 13, 10, 11, 9, 8, 3, 1]
17;81649;10.47441935539245605469;[6, 5, 2, 14, 16, 15, 12, 13, 10, 11, 9, 8, 3, 4, 7, 1]
17;81648;10.33549737930297851562;[1, 6, 5, 4, 3, 2, 14, 16, 15, 12, 13, 10, 11, 9, 8, 7]
17;80998;10.41582274436950683594;[1, 6, 5, 7, 4, 2, 14, 13, 12, 15, 16, 10, 11, 9, 8, 3]
17;80598;10.39314961433410644531;[6, 5, 7, 4, 2, 14, 12, 15, 16, 13, 10, 8, 9, 11, 3, 1]
17;81648;10.38932967185974121094;[1, 6, 5, 2, 14, 12, 15, 16, 13, 10, 11, 9, 8, 3, 4, 7]
17;80598;10.36709117889404296875;[6, 5, 7, 4, 2, 14, 16, 15, 12, 13, 10, 11, 9, 8, 3, 1]
17;81648;10.46383881568908691406;[1, 6, 5, 2, 14, 16, 15, 12, 13, 10, 11, 9, 8, 3, 4, 7]
17;80598;10.34232807159423828125;[6, 5, 7, 4, 2, 14, 16, 15, 12, 13, 10, 8, 9, 11, 3, 1]
17;81648;10.33328533172607421875;[1, 6, 5, 2, 14, 12, 15, 16, 13, 10, 8, 9, 11, 3, 4, 7]
17;81648;10.26464915275573730469;[1, 6, 5, 2, 14, 16, 15, 12, 13, 10, 11, 9, 8, 3, 4, 7]
17;81648;10.34740233421325683594;[1, 6, 5, 3, 2, 14, 12, 15, 16, 13, 10, 8, 9, 11, 4, 7]
17;80598;10.36845993995666503906;[6, 5, 7, 4, 2, 14, 12, 15, 16, 13, 10, 8, 9, 11, 3, 1]
17;80598;10.23756742477416992188;[6, 5, 7, 4, 2, 14, 12, 15, 16, 13, 10, 11, 9, 8, 3, 1]
17;80597;10.32048940658569335938;[1, 6, 5, 7, 4, 2, 14, 16, 15, 12, 13, 10, 11, 9, 8, 3]
17;80598;10.43630743026733398438;[6, 5, 7, 4, 2, 14, 12, 15, 16, 13, 10, 11, 9, 8, 3, 1]
17;80598;10.32979106903076171875;[6, 5, 7, 4, 2, 14, 16, 15, 12, 13, 10, 11, 9, 8, 3, 1]
17;80598;10.45399236679077148438;[6, 5, 7, 4, 2, 14, 16, 15, 12, 13, 10, 11, 9, 8, 3, 1]
17;80598;10.42583680152893066406;[6, 5, 7, 4, 2, 14, 12, 15, 16, 13, 10, 11, 9, 8, 3, 1]
17;80598;10.41953587532043457031;[6, 5, 7, 4, 2, 14, 16, 15, 12, 13, 10, 11, 9, 8, 3, 1]
17;80598;10.29780530929565429688;[6, 5, 7, 4, 2, 14, 16, 15, 12, 13, 10, 11, 9, 8, 3, 1]
17;81649;10.69506788253784179688;[6, 5, 4, 2, 14, 12, 15, 16, 13, 10, 8, 9, 11, 3, 7, 1]
17;81648;10.39807152748107910156;[1, 6, 5, 2, 14, 12, 15, 16, 13, 10, 8, 9, 11, 3, 4, 7]
17;80598;10.39370894432067871094;[6, 5, 7, 4, 2, 14, 12, 15, 16, 13, 10, 8, 9, 11, 3, 1]
17;81648;10.55017590522766113281;[1, 6, 5, 2, 14, 12, 15, 16, 13, 10, 11, 9, 8, 3, 4, 7]
17;80599;10.64098930358886718750;[6, 5, 7, 4, 11, 9, 8, 10, 13, 12, 15, 16, 14, 2, 3, 1]
17;80598;10.32134151458740234375;[6, 5, 7, 4, 2, 14, 12, 15, 16, 13, 10, 8, 9, 11, 3, 1]
17;81053;10.56652736663818359375;[6, 5, 7, 4, 8, 9, 11, 10, 15, 16, 12, 13, 14, 2, 3, 1]
17;80598;10.53131103515625000000;[6, 5, 7, 4, 2, 14, 16, 15, 12, 13, 10, 11, 9, 8, 3, 1]
18;81085;10.79200625419616699219;[1, 6, 5, 7, 4, 11, 9, 8, 10, 16, 12, 15, 17, 13, 14, 2, 3]
18;81733;10.79240703582763671875;[1, 6, 5, 4, 3, 2, 14, 17, 16, 15, 12, 13, 10, 11, 9, 8, 7]
18;81733;10.72139453887939453125;[1, 6, 5, 2, 14, 16, 15, 12, 17, 13, 10, 11, 9, 8, 3, 4, 7]
18;80683;10.84095907211303710938;[6, 5, 7, 4, 2, 14, 16, 15, 12, 17, 13, 10, 11, 9, 8, 3, 1]
18;80683;10.94717001914978027344;[6, 5, 7, 4, 2, 14, 12, 15, 16, 17, 13, 10, 8, 9, 11, 3, 1]
18;80683;10.78091335296630859375;[6, 5, 7, 4, 2, 14, 12, 15, 16, 17, 13, 10, 8, 9, 11, 3, 1]
18;80683;10.72421908378601074219;[6, 5, 7, 4, 2, 14, 12, 15, 16, 17, 13, 10, 11, 9, 8, 3, 1]
18;80682;10.86172795295715332031;[1, 6, 5, 7, 4, 2, 14, 17, 12, 15, 16, 13, 10, 11, 9, 8, 3]
18;80683;10.68885970115661621094;[6, 5, 7, 4, 2, 14, 12, 15, 16, 17, 13, 10, 8, 9, 11, 3, 1]
18;80683;10.67554497718811035156;[6, 5, 7, 4, 2, 14, 16, 15, 12, 17, 13, 10, 8, 9, 11, 3, 1]
18;81733;10.72338032722473144531;[1, 6, 5, 4, 2, 14, 17, 16, 15, 12, 13, 10, 11, 9, 8, 3, 7]
18;80683;10.80201029777526855469;[6, 5, 7, 4, 2, 14, 16, 15, 12, 17, 13, 10, 11, 9, 8, 3, 1]
18;80683;10.93582177162170410156;[6, 5, 7, 4, 2, 14, 17, 16, 15, 12, 13, 10, 11, 9, 8, 3, 1]
18;80683;11.03971028327941894531;[6, 5, 7, 4, 2, 14, 12, 15, 16, 17, 13, 10, 8, 9, 11, 3, 1]
18;80683;10.66504025459289550781;[6, 5, 7, 4, 2, 14, 17, 16, 15, 12, 13, 10, 11, 9, 8, 3, 1]
18;80683;10.68856954574584960938;[6, 5, 7, 4, 2, 14, 17, 16, 15, 12, 13, 10, 11, 9, 8, 3, 1]
18;80683;10.68587779998779296875;[6, 5, 7, 4, 2, 14, 17, 16, 15, 12, 13, 10, 11, 9, 8, 3, 1]
18;80683;10.73256063461303710938;[6, 5, 7, 4, 2, 14, 12, 15, 16, 17, 13, 10, 11, 9, 8, 3, 1]
18;80685;10.75245261192321777344;[6, 5, 7, 4, 11, 9, 8, 10, 13, 17, 16, 12, 15, 14, 2, 3, 1]
18;80683;10.80996608734130859375;[6, 5, 7, 4, 2, 14, 12, 15, 16, 17, 13, 10, 11, 9, 8, 3, 1]
18;80683;10.73123455047607421875;[6, 5, 7, 4, 2, 14, 17, 12, 15, 16, 13, 10, 11, 9, 8, 3, 1]
18;80683;10.74428057670593261719;[6, 5, 7, 4, 2, 14, 17, 16, 15, 12, 13, 10, 11, 9, 8, 3, 1]
18;80683;10.71145534515380859375;[6, 5, 7, 4, 2, 14, 16, 15, 12, 17, 13, 10, 11, 9, 8, 3, 1]
18;80683;10.79481720924377441406;[6, 5, 7, 4, 2, 14, 16, 15, 12, 17, 13, 10, 11, 9, 8, 3, 1]
18;80683;10.83474373817443847656;[6, 5, 7, 4, 2, 14, 12, 15, 16, 17, 13, 10, 11, 9, 8, 3, 1]
18;80682;11.02151250839233398438;[1, 6, 5, 7, 4, 2, 14, 16, 15, 12, 17, 13, 10, 11, 9, 8, 3]
18;82200;10.90532827377319335938;[1, 7, 4, 2, 14, 12, 15, 16, 17, 13, 10, 8, 9, 11, 3, 5, 6]
18;81733;10.86347293853759765625;[1, 6, 5, 2, 14, 17, 12, 15, 16, 13, 10, 11, 9, 8, 3, 4, 7]
18;80683;10.82299304008483886719;[6, 5, 7, 4, 2, 14, 12, 15, 16, 17, 13, 10, 8, 9, 11, 3, 1]
18;80682;10.85070490837097167969;[1, 6, 5, 7, 4, 2, 14, 17, 12, 15, 16, 13, 10, 11, 9, 8, 3]
19;84581;11.17723298072814941406;[1, 6, 5, 7, 4, 2, 14, 18, 15, 12, 16, 17, 13, 10, 11, 9, 8, 3]
19;84582;11.52803492546081542969;[6, 5, 7, 4, 2, 14, 18, 15, 12, 16, 17, 13, 10, 11, 9, 8, 3, 1]
19;84582;10.99087262153625488281;[6, 5, 7, 4, 2, 14, 18, 15, 12, 16, 17, 13, 10, 8, 9, 11, 3, 1]
19;84582;11.21762299537658691406;[6, 5, 7, 4, 2, 14, 18, 15, 12, 16, 17, 13, 10, 8, 9, 11, 3, 1]
19;86991;11.03702211380004882812;[1, 6, 5, 4, 3, 11, 9, 8, 10, 14, 18, 17, 16, 12, 15, 13, 2, 7]
19;84582;11.15189599990844726562;[6, 5, 7, 4, 2, 14, 18, 15, 12, 16, 17, 13, 10, 8, 9, 11, 3, 1]
19;85632;10.97130203247070312500;[1, 6, 5, 2, 14, 18, 15, 12, 16, 17, 13, 10, 8, 9, 11, 3, 4, 7]
19;84593;11.08128213882446289062;[6, 5, 7, 4, 11, 9, 8, 10, 13, 17, 16, 12, 15, 18, 14, 2, 3, 1]
19;85633;11.15439820289611816406;[6, 5, 2, 14, 18, 15, 12, 16, 17, 13, 10, 8, 9, 11, 3, 4, 7, 1]
19;84902;11.13164710998535156250;[6, 5, 7, 4, 2, 14, 18, 15, 16, 17, 12, 13, 10, 11, 9, 8, 3, 1]
19;84581;11.11282515525817871094;[1, 6, 5, 7, 4, 2, 14, 18, 15, 12, 16, 17, 13, 10, 11, 9, 8, 3]
19;84582;11.10374021530151367188;[6, 5, 7, 4, 2, 14, 18, 15, 12, 16, 17, 13, 10, 11, 9, 8, 3, 1]
19;84581;11.07446479797363281250;[1, 6, 5, 7, 4, 2, 14, 18, 15, 12, 16, 17, 13, 10, 8, 9, 11, 3]
19;84581;11.09609079360961914062;[1, 6, 5, 7, 4, 2, 14, 18, 15, 12, 16, 17, 13, 10, 11, 9, 8, 3]
19;84581;11.13163399696350097656;[1, 6, 5, 7, 4, 2, 14, 18, 15, 12, 16, 17, 13, 10, 11, 9, 8, 3]
19;84582;11.00939989089965820312;[6, 5, 7, 4, 2, 14, 18, 15, 12, 16, 17, 13, 10, 11, 9, 8, 3, 1]
19;84582;11.02354311943054199219;[6, 5, 7, 4, 2, 14, 18, 15, 12, 16, 17, 13, 10, 8, 9, 11, 3, 1]
19;85589;11.34163069725036621094;[6, 5, 7, 4, 8, 11, 9, 10, 16, 17, 12, 15, 18, 14, 13, 2, 3, 1]
19;84582;11.16069674491882324219;[6, 5, 7, 4, 2, 14, 18, 15, 12, 16, 17, 13, 10, 8, 9, 11, 3, 1]
19;84582;11.15135884284973144531;[6, 5, 7, 4, 2, 14, 18, 15, 12, 16, 17, 13, 10, 11, 9, 8, 3, 1]
19;84582;10.91900992393493652344;[6, 5, 7, 4, 2, 14, 18, 15, 12, 16, 17, 13, 10, 11, 9, 8, 3, 1]
19;84593;11.02435731887817382812;[6, 5, 7, 4, 11, 9, 8, 10, 13, 17, 16, 12, 15, 18, 14, 2, 3, 1]
19;84582;11.09134697914123535156;[6, 5, 7, 4, 2, 14, 18, 15, 12, 16, 17, 13, 10, 8, 9, 11, 3, 1]
19;85632;11.24706935882568359375;[1, 6, 5, 2, 14, 18, 15, 12, 16, 17, 13, 10, 11, 9, 8, 3, 4, 7]
19;84582;11.12378239631652832031;[6, 5, 7, 4, 2, 14, 18, 15, 12, 16, 17, 13, 10, 8, 9, 11, 3, 1]
19;84593;11.01978945732116699219;[6, 5, 7, 4, 11, 9, 8, 10, 13, 17, 16, 12, 15, 18, 14, 2, 3, 1]
19;84582;10.95887970924377441406;[6, 5, 7, 4, 2, 14, 18, 15, 12, 16, 17, 13, 10, 11, 9, 8, 3, 1]
19;85212;11.12526512145996093750;[1, 6, 5, 7, 4, 2, 14, 18, 17, 16, 15, 12, 13, 10, 8, 11, 9, 3]
19;85633;10.95575785636901855469;[6, 5, 2, 14, 18, 15, 12, 16, 17, 13, 10, 8, 9, 11, 3, 4, 7, 1]
19;84581;11.08662986755371093750;[1, 6, 5, 7, 4, 2, 14, 18, 15, 12, 16, 17, 13, 10, 8, 9, 11, 3]
20;94293;12.72441673278808593750;[1, 5, 6, 19, 8, 9, 11, 10, 13, 17, 16, 12, 15, 18, 14, 2, 3, 4, 7]
20;94293;11.76898431777954101562;[1, 5, 6, 19, 8, 9, 11, 10, 13, 17, 16, 12, 15, 18, 14, 2, 3, 4, 7]
20;94293;11.72777390480041503906;[1, 5, 6, 19, 11, 9, 8, 10, 13, 17, 16, 12, 15, 18, 14, 2, 3, 4, 7]
20;94293;11.72771215438842773438;[1, 5, 6, 19, 8, 9, 11, 10, 13, 17, 16, 12, 15, 18, 14, 2, 3, 4, 7]
20;94284;12.01140856742858886719;[7, 4, 3, 2, 14, 18, 15, 12, 16, 17, 13, 10, 11, 9, 8, 19, 6, 5, 1]
20;94293;11.71545386314392089844;[1, 5, 6, 19, 8, 9, 11, 10, 13, 17, 16, 12, 15, 18, 14, 2, 3, 4, 7]
20;94294;11.82146954536437988281;[5, 6, 19, 11, 9, 8, 10, 13, 17, 16, 12, 15, 18, 14, 2, 3, 4, 7, 1]
20;93959;11.83900451660156250000;[6, 5, 7, 4, 3, 2, 13, 14, 18, 15, 12, 16, 17, 10, 8, 9, 11, 19, 1]
20;94415;11.80375957489013671875;[6, 5, 7, 3, 4, 2, 14, 18, 15, 12, 16, 17, 13, 10, 8, 9, 11, 19, 1]
20;94293;11.93150591850280761719;[1, 5, 6, 19, 8, 9, 11, 10, 13, 17, 16, 12, 15, 18, 14, 2, 3, 4, 7]
20;93232;11.93060326576232910156;[6, 5, 7, 4, 3, 2, 14, 18, 15, 12, 16, 17, 13, 10, 8, 9, 11, 19, 1]
20;94515;11.62914562225341796875;[1, 7, 5, 6, 19, 8, 9, 11, 10, 13, 17, 16, 12, 15, 18, 14, 2, 4, 3]
20;95701;11.70180320739746093750;[1, 6, 5, 7, 4, 19, 11, 9, 8, 10, 13, 17, 16, 12, 15, 18, 14, 2, 3]
20;94293;11.76418709754943847656;[1, 5, 6, 19, 11, 9, 8, 10, 13, 17, 16, 12, 15, 18, 14, 2, 3, 4, 7]
20;94280;11.64658570289611816406;[1, 6, 5, 7, 4, 3, 2, 13, 14, 18, 15, 17, 12, 16, 10, 8, 11, 9, 19]
20;93232;11.82826375961303710938;[6, 5, 7, 4, 3, 2, 14, 18, 15, 12, 16, 17, 13, 10, 8, 9, 11, 19, 1]
20;94515;11.64128589630126953125;[1, 7, 5, 6, 19, 11, 9, 8, 10, 13, 17, 16, 12, 15, 18, 14, 2, 4, 3]
20;94293;11.81821990013122558594;[1, 5, 6, 19, 8, 9, 11, 10, 13, 17, 16, 12, 15, 18, 14, 2, 3, 4, 7]
20;94283;11.82780241966247558594;[1, 7, 4, 3, 2, 14, 18, 15, 12, 16, 17, 13, 10, 8, 9, 11, 19, 6, 5]
20;94293;11.62291908264160156250;[1, 5, 6, 19, 8, 9, 11, 10, 13, 17, 16, 12, 15, 18, 14, 2, 3, 4, 7]
20;94293;11.65855503082275390625;[1, 5, 6, 19, 11, 9, 8, 10, 13, 17, 16, 12, 15, 18, 14, 2, 3, 4, 7]
20;93232;11.77498269081115722656;[6, 5, 7, 4, 3, 2, 14, 18, 15, 12, 16, 17, 13, 10, 8, 9, 11, 19, 1]
20;94293;11.74768757820129394531;[1, 5, 6, 19, 8, 9, 11, 10, 13, 17, 16, 12, 15, 18, 14, 2, 3, 4, 7]
20;94293;11.78517794609069824219;[1, 5, 6, 19, 8, 9, 11, 10, 13, 17, 16, 12, 15, 18, 14, 2, 3, 4, 7]
20;94515;11.65819406509399414062;[1, 7, 5, 6, 19, 11, 9, 8, 10, 13, 17, 16, 12, 15, 18, 14, 2, 4, 3]
20;93820;11.79306125640869140625;[19, 11, 9, 8, 10, 13, 17, 16, 12, 15, 18, 14, 2, 3, 4, 7, 5, 6, 1]
20;94283;11.66105127334594726562;[1, 7, 4, 3, 2, 14, 18, 15, 12, 16, 17, 13, 10, 8, 9, 11, 19, 6, 5]
20;93552;11.76785898208618164062;[1, 6, 5, 7, 4, 3, 2, 14, 18, 15, 16, 17, 12, 13, 10, 8, 11, 9, 19]
20;93233;11.64275145530700683594;[6, 5, 7, 4, 3, 2, 14, 18, 15, 12, 16, 17, 13, 10, 8, 11, 9, 19, 1]
20;94293;11.62163615226745605469;[1, 5, 6, 19, 8, 9, 11, 10, 13, 17, 16, 12, 15, 18, 14, 2, 3, 4, 7]
21;93521;11.81020069122314453125;[6, 5, 7, 4, 3, 2, 14, 18, 15, 12, 16, 17, 13, 10, 8, 9, 11, 19, 20, 1]
21;93521;11.83520030975341796875;[6, 5, 7, 4, 3, 2, 14, 18, 15, 12, 16, 17, 13, 10, 8, 9, 11, 19, 20, 1]
21;95519;11.70619797706604003906;[1, 5, 6, 19, 20, 8, 9, 11, 10, 13, 17, 16, 12, 15, 18, 14, 2, 3, 4, 7]
21;94704;11.80072617530822753906;[6, 5, 7, 3, 4, 2, 14, 18, 15, 12, 16, 17, 13, 10, 8, 9, 11, 19, 20, 1]
21;95741;11.57807612419128417969;[1, 7, 5, 6, 19, 20, 8, 9, 11, 10, 13, 17, 16, 12, 15, 18, 14, 2, 4, 3]
21;93520;11.68822741508483886719;[1, 6, 5, 7, 4, 3, 2, 14, 18, 15, 12, 16, 17, 13, 10, 8, 9, 11, 19, 20]
21;93521;11.92275810241699218750;[6, 5, 7, 4, 3, 2, 14, 18, 15, 12, 16, 17, 13, 10, 8, 9, 11, 19, 20, 1]
21;93521;11.81156420707702636719;[1, 6, 5, 7, 4, 3, 2, 14, 18, 15, 12, 16, 17, 13, 10, 11, 9, 8, 19, 20]
21;97696;11.81152462959289550781;[1, 6, 5, 7, 4, 19, 20, 8, 9, 11, 10, 14, 18, 15, 16, 12, 17, 13, 2, 3]
21;96917;11.74819970130920410156;[6, 5, 7, 4, 2, 14, 18, 15, 12, 16, 17, 13, 10, 8, 9, 11, 19, 20, 3, 1]
21;95519;11.75707530975341796875;[1, 5, 6, 19, 20, 8, 9, 11, 10, 13, 17, 16, 12, 15, 18, 14, 2, 3, 4, 7]
21;94248;11.90257406234741210938;[6, 5, 7, 4, 3, 2, 13, 14, 18, 15, 12, 16, 17, 10, 8, 9, 11, 19, 20, 1]
21;93522;11.85660743713378906250;[6, 5, 7, 4, 3, 2, 14, 18, 15, 12, 16, 17, 13, 10, 11, 9, 8, 19, 20, 1]
21;97449;11.98606228828430175781;[1, 19, 20, 8, 9, 11, 10, 13, 17, 16, 12, 15, 18, 14, 2, 4, 3, 5, 6, 7]
21;97967;11.68339323997497558594;[1, 6, 5, 2, 14, 18, 15, 12, 16, 17, 13, 10, 8, 9, 11, 19, 20, 3, 4, 7]
21;96916;11.73689317703247070312;[1, 6, 5, 7, 4, 2, 14, 18, 15, 12, 16, 17, 13, 10, 8, 9, 11, 20, 19, 3]
21;94459;11.94255900382995605469;[6, 5, 7, 4, 3, 2, 14, 18, 15, 12, 16, 17, 13, 10, 11, 9, 8, 20, 19, 1]
21;94153;11.81357073783874511719;[6, 5, 7, 4, 3, 2, 14, 18, 17, 16, 12, 15, 13, 10, 11, 9, 8, 19, 20, 1]
21;93522;11.95737767219543457031;[6, 5, 7, 4, 3, 2, 14, 18, 15, 12, 16, 17, 13, 10, 11, 9, 8, 19, 20, 1]
21;93521;11.89530539512634277344;[6, 5, 7, 4, 3, 2, 14, 18, 15, 12, 16, 17, 13, 10, 8, 9, 11, 19, 20, 1]
21;96916;11.78341126441955566406;[1, 6, 5, 7, 4, 2, 14, 18, 15, 12, 16, 17, 13, 10, 8, 9, 11, 20, 19, 3]
21;95519;11.86505556106567382812;[1, 5, 6, 19, 20, 11, 9, 8, 10, 13, 17, 16, 12, 15, 18, 14, 2, 3, 4, 7]
21;95292;11.96470832824707031250;[1, 20, 19, 11, 9, 8, 10, 13, 17, 16, 12, 15, 18, 14, 2, 4, 3, 7, 5, 6]
21;97968;11.60015487670898437500;[6, 5, 4, 2, 14, 18, 15, 12, 16, 17, 13, 10, 8, 9, 11, 19, 20, 3, 7, 1]
21;96412;11.99179434776306152344;[1, 19, 20, 8, 9, 11, 10, 13, 17, 16, 12, 15, 18, 14, 2, 3, 4, 5, 6, 7]
21;97967;11.89342522621154785156;[1, 6, 5, 2, 14, 18, 15, 12, 16, 17, 13, 10, 8, 9, 11, 19, 20, 3, 4, 7]
21;95572;11.76191496849060058594;[5, 6, 19, 20, 8, 9, 11, 10, 13, 17, 12, 16, 15, 18, 14, 2, 3, 4, 7, 1]
21;93521;11.73998498916625976562;[6, 5, 7, 4, 3, 2, 14, 18, 15, 12, 16, 17, 13, 10, 8, 9, 11, 19, 20, 1]
21;93522;11.88995599746704101562;[6, 5, 7, 4, 3, 2, 14, 18, 15, 12, 16, 17, 13, 10, 11, 9, 8, 19, 20, 1]
21;94315;11.67912650108337402344;[6, 5, 7, 4, 3, 2, 14, 18, 15, 12, 16, 17, 13, 11, 9, 8, 10, 19, 20, 1]
22;105674;12.47471261024475097656;[1, 7, 5, 6, 19, 20, 21, 10, 8, 11, 9, 13, 16, 15, 12, 17, 18, 14, 2, 4, 3]
22;104018;12.17254352569580078125;[1, 7, 4, 3, 2, 14, 18, 15, 12, 16, 17, 13, 10, 8, 9, 11, 21, 20, 19, 6, 5]
22;105437;12.54476690292358398438;[6, 5, 7, 4, 19, 20, 21, 11, 9, 8, 10, 13, 17, 16, 12, 15, 18, 14, 2, 3, 1]
22;103984;12.36882662773132324219;[1, 20, 19, 21, 11, 9, 8, 10, 17, 16, 12, 15, 18, 14, 13, 2, 3, 4, 7, 6, 5]
22;106153;12.42245960235595703125;[1, 6, 5, 7, 4, 21, 20, 19, 11, 9, 8, 10, 14, 18, 15, 12, 16, 17, 13, 2, 3]
22;105426;12.61254405975341796875;[6, 5, 7, 4, 2, 14, 18, 15, 12, 16, 17, 13, 10, 8, 9, 11, 19, 20, 21, 3, 1]
22;105426;12.25140571594238281250;[6, 5, 7, 4, 2, 14, 18, 15, 12, 16, 17, 13, 10, 8, 9, 11, 19, 20, 21, 3, 1]
22;104028;12.36506962776184082031;[1, 5, 6, 19, 20, 21, 8, 9, 11, 10, 13, 17, 16, 12, 15, 18, 14, 2, 3, 4, 7]
22;106476;12.52522659301757812500;[1, 6, 5, 2, 14, 18, 15, 12, 16, 17, 13, 10, 8, 9, 11, 21, 19, 20, 3, 4, 7]
22;105425;12.21989059448242187500;[1, 6, 5, 7, 4, 2, 14, 18, 15, 12, 16, 17, 13, 10, 8, 9, 11, 21, 20, 19, 3]
22;106476;12.57834100723266601562;[1, 6, 5, 3, 2, 14, 18, 15, 12, 16, 17, 13, 10, 8, 9, 11, 21, 20, 19, 4, 7]
22;102031;12.55980968475341796875;[6, 5, 7, 4, 3, 2, 14, 18, 15, 12, 16, 17, 13, 10, 11, 9, 8, 21, 19, 20, 1]
22;102618;12.31675028800964355469;[1, 20, 19, 21, 11, 9, 8, 10, 13, 17, 16, 12, 15, 18, 14, 2, 3, 4, 7, 5, 6]
22;104151;12.30108475685119628906;[6, 5, 7, 3, 4, 2, 14, 18, 15, 12, 16, 17, 13, 10, 11, 9, 8, 21, 20, 19, 1]
22;102031;12.55326104164123535156;[6, 5, 7, 4, 3, 2, 14, 18, 15, 12, 16, 17, 13, 10, 11, 9, 8, 21, 19, 20, 1]
22;102968;12.41965436935424804688;[6, 5, 7, 4, 3, 2, 14, 18, 15, 12, 16, 17, 13, 10, 11, 9, 8, 21, 20, 19, 1]
22;102031;12.43988919258117675781;[6, 5, 7, 4, 3, 2, 14, 18, 15, 12, 16, 17, 13, 10, 11, 9, 8, 21, 19, 20, 1]
22;106136;12.27017188072204589844;[6, 5, 7, 4, 3, 2, 14, 18, 15, 12, 16, 17, 13, 10, 8, 9, 11, 19, 20, 21, 1]
22;104028;12.27846693992614746094;[1, 5, 6, 19, 20, 21, 11, 9, 8, 10, 13, 17, 16, 12, 15, 18, 14, 2, 3, 4, 7]
22;102644;12.40973544120788574219;[5, 6, 7, 4, 3, 2, 14, 18, 15, 12, 16, 17, 13, 10, 11, 9, 8, 21, 19, 20, 1]
22;102967;12.42644357681274414062;[6, 5, 7, 4, 3, 2, 14, 18, 15, 12, 16, 17, 13, 10, 8, 9, 11, 21, 20, 19, 1]
22;104028;12.10435795783996582031;[1, 5, 6, 19, 20, 21, 11, 9, 8, 10, 13, 17, 16, 12, 15, 18, 14, 2, 3, 4, 7]
22;106476;12.41438150405883789062;[1, 6, 5, 3, 2, 14, 18, 15, 12, 16, 17, 13, 10, 8, 9, 11, 19, 20, 21, 4, 7]
22;105099;12.20974802970886230469;[1, 20, 19, 21, 10, 8, 9, 11, 16, 12, 17, 15, 18, 14, 13, 2, 3, 4, 7, 6, 5]
22;106066;12.21873259544372558594;[1, 6, 5, 7, 4, 21, 19, 20, 11, 9, 8, 10, 13, 16, 15, 12, 17, 18, 14, 2, 3]
22;106164;12.43897056579589843750;[1, 6, 5, 7, 4, 21, 20, 19, 8, 11, 9, 10, 17, 16, 12, 15, 18, 14, 13, 2, 3]
22;102031;12.48812294006347656250;[6, 5, 7, 4, 3, 2, 14, 18, 15, 12, 16, 17, 13, 10, 11, 9, 8, 21, 19, 20, 1]
22;102030;12.28491783142089843750;[6, 5, 7, 4, 3, 2, 14, 18, 15, 12, 16, 17, 13, 10, 8, 9, 11, 21, 19, 20, 1]
22;105436;12.35376763343811035156;[1, 6, 5, 7, 4, 20, 19, 21, 11, 9, 8, 10, 13, 17, 16, 12, 15, 18, 14, 2, 3]
22;105426;12.34020996093750000000;[6, 5, 7, 4, 2, 14, 18, 15, 12, 16, 17, 13, 10, 8, 9, 11, 19, 20, 21, 3, 1]
23;107808;12.70060920715332031250;[1, 5, 6, 19, 20, 21, 22, 11, 9, 8, 10, 13, 17, 16, 12, 15, 18, 14, 2, 3, 4, 7]
23;106398;12.71104907989501953125;[1, 20, 19, 21, 22, 8, 9, 11, 10, 13, 17, 16, 12, 15, 18, 14, 2, 3, 4, 7, 5, 6]
23;106747;12.84672498703002929688;[6, 5, 7, 4, 3, 2, 14, 18, 15, 12, 16, 17, 13, 10, 11, 9, 8, 22, 21, 20, 19, 1]
23;109206;12.64184308052062988281;[6, 5, 7, 4, 2, 14, 18, 15, 12, 16, 17, 13, 10, 8, 9, 11, 19, 20, 21, 22, 3, 1]
23;105810;13.07270860671997070312;[6, 5, 7, 4, 3, 2, 14, 18, 15, 12, 16, 17, 13, 10, 11, 9, 8, 22, 21, 19, 20, 1]
23;105810;12.83058190345764160156;[6, 5, 7, 4, 3, 2, 14, 18, 15, 12, 16, 17, 13, 10, 11, 9, 8, 22, 21, 19, 20, 1]
23;110256;12.65959835052490234375;[1, 6, 5, 2, 14, 18, 15, 12, 16, 17, 13, 10, 11, 9, 8, 22, 21, 20, 19, 3, 4, 7]
23;110256;12.76991748809814453125;[1, 6, 5, 3, 2, 14, 18, 15, 12, 16, 17, 13, 10, 11, 9, 8, 22, 21, 20, 19, 4, 7]
23;108030;12.75135207176208496094;[1, 7, 5, 6, 19, 20, 21, 22, 8, 9, 11, 10, 13, 17, 16, 12, 15, 18, 14, 2, 4, 3]
23;107930;12.96915006637573242188;[6, 5, 7, 3, 4, 2, 14, 18, 15, 12, 16, 17, 13, 10, 11, 9, 8, 22, 21, 20, 19, 1]
23;105810;12.71973633766174316406;[6, 5, 7, 4, 3, 2, 14, 18, 15, 12, 16, 17, 13, 10, 11, 9, 8, 22, 21, 19, 20, 1]
23;105810;12.91336536407470703125;[6, 5, 7, 4, 3, 2, 14, 18, 15, 12, 16, 17, 13, 10, 11, 9, 8, 22, 21, 19, 20, 1]
23;110256;12.86054635047912597656;[1, 6, 5, 2, 14, 18, 15, 12, 16, 17, 13, 10, 8, 9, 11, 22, 21, 20, 19, 3, 4, 7]
23;111596;12.88030052185058593750;[1, 7, 2, 13, 14, 18, 15, 12, 16, 17, 10, 11, 9, 8, 22, 21, 19, 20, 3, 4, 5, 6]
23;108329;12.58576393127441406250;[6, 5, 7, 3, 4, 2, 14, 18, 15, 12, 16, 17, 13, 10, 8, 9, 11, 19, 20, 21, 22, 1]
23;108030;12.48879837989807128906;[1, 7, 5, 6, 19, 20, 21, 22, 11, 9, 8, 10, 13, 17, 16, 12, 15, 18, 14, 2, 4, 3]
23;110242;12.72482967376708984375;[6, 5, 7, 4, 3, 8, 9, 11, 10, 14, 18, 15, 12, 16, 17, 13, 2, 21, 22, 19, 20, 1]
23;109205;12.94728040695190429688;[1, 6, 5, 7, 4, 2, 14, 18, 15, 12, 16, 17, 13, 10, 8, 9, 11, 22, 21, 20, 19, 3]
23;109513;12.90154266357421875000;[1, 19, 20, 22, 21, 8, 9, 11, 10, 16, 17, 12, 15, 18, 14, 13, 2, 4, 3, 7, 5, 6]
23;109205;12.65666699409484863281;[1, 6, 5, 7, 4, 2, 14, 18, 15, 12, 16, 17, 13, 10, 8, 9, 11, 22, 21, 20, 19, 3]
23;110256;12.58564758300781250000;[1, 6, 5, 2, 14, 18, 15, 12, 16, 17, 13, 10, 8, 9, 11, 22, 21, 20, 19, 3, 4, 7]
23;108487;12.94782519340515136719;[7, 6, 5, 4, 3, 2, 14, 18, 15, 12, 16, 17, 13, 10, 8, 9, 11, 19, 20, 21, 22, 1]
23;109738;12.92959833145141601562;[1, 19, 20, 21, 22, 8, 9, 11, 10, 13, 17, 16, 12, 15, 18, 14, 2, 4, 3, 5, 6, 7]
23;108918;12.91834354400634765625;[1, 22, 21, 20, 19, 11, 9, 8, 10, 13, 17, 16, 12, 15, 18, 14, 2, 4, 3, 7, 5, 6]
23;110257;12.70477509498596191406;[6, 5, 4, 2, 14, 18, 15, 12, 16, 17, 13, 10, 8, 9, 11, 19, 20, 21, 22, 3, 7, 1]
23;110256;12.60681414604187011719;[1, 6, 5, 2, 14, 18, 15, 12, 16, 17, 13, 10, 8, 9, 11, 19, 20, 21, 22, 3, 4, 7]
23;105810;12.84379601478576660156;[6, 5, 7, 4, 3, 2, 14, 18, 15, 12, 16, 17, 13, 10, 11, 9, 8, 22, 21, 19, 20, 1]
23;107146;12.85421419143676757812;[6, 5, 7, 4, 3, 2, 14, 18, 15, 12, 16, 17, 13, 10, 8, 9, 11, 19, 20, 21, 22, 1]
23;109123;12.90770030021667480469;[6, 5, 7, 3, 4, 2, 14, 18, 15, 12, 16, 17, 13, 11, 9, 8, 10, 19, 20, 21, 22, 1]
23;110256;12.82739186286926269531;[1, 6, 5, 2, 14, 18, 15, 12, 16, 17, 13, 10, 11, 9, 8, 22, 21, 20, 19, 3, 4, 7]
24;115224;13.11941552162170410156;[1, 7, 5, 6, 19, 20, 22, 21, 23, 8, 9, 11, 10, 13, 17, 16, 12, 15, 18, 14, 2, 4, 3]
24;117450;13.50946521759033203125;[1, 6, 5, 3, 2, 14, 18, 15, 12, 16, 17, 13, 10, 8, 9, 11, 23, 21, 22, 20, 19, 4, 7]
24;116400;13.01750683784484863281;[6, 5, 7, 4, 2, 14, 18, 15, 12, 16, 17, 13, 10, 8, 9, 11, 19, 20, 22, 21, 23, 3, 1]
24;116400;13.03258132934570312500;[6, 5, 7, 4, 2, 14, 18, 15, 12, 16, 17, 13, 10, 8, 9, 11, 23, 21, 22, 19, 20, 3, 1]
24;116400;13.01589369773864746094;[6, 5, 7, 4, 2, 14, 18, 15, 12, 16, 17, 13, 10, 8, 9, 11, 19, 20, 22, 21, 23, 3, 1]
24;116411;13.16224050521850585938;[6, 5, 7, 4, 20, 19, 23, 21, 22, 8, 9, 11, 10, 13, 17, 16, 12, 15, 18, 14, 2, 3, 1]
24;115002;13.13638973236083984375;[1, 5, 6, 19, 20, 22, 21, 23, 11, 9, 8, 10, 13, 17, 16, 12, 15, 18, 14, 2, 3, 4, 7]
24;117110;13.34987401962280273438;[6, 5, 7, 4, 3, 2, 14, 18, 15, 12, 16, 17, 13, 10, 8, 9, 11, 19, 20, 22, 21, 23, 1]
24;115224;13.22686243057250976562;[1, 7, 5, 6, 19, 20, 22, 21, 23, 8, 9, 11, 10, 13, 17, 16, 12, 15, 18, 14, 2, 4, 3]
24;115224;12.97974228858947753906;[1, 7, 5, 6, 19, 20, 22, 21, 23, 8, 9, 11, 10, 13, 17, 16, 12, 15, 18, 14, 2, 4, 3]
24;116399;13.03642106056213378906;[1, 6, 5, 7, 4, 2, 14, 18, 15, 12, 16, 17, 13, 10, 11, 9, 8, 22, 21, 23, 20, 19, 3]
24;117450;13.18804144859313964844;[1, 6, 5, 4, 2, 14, 18, 15, 12, 16, 17, 13, 10, 8, 9, 11, 22, 21, 23, 19, 20, 3, 7]
24;115002;13.04281783103942871094;[1, 5, 6, 19, 20, 22, 21, 23, 8, 9, 11, 10, 13, 17, 16, 12, 15, 18, 14, 2, 3, 4, 7]
24;117450;13.16817426681518554688;[1, 6, 5, 4, 2, 14, 18, 15, 12, 16, 17, 13, 10, 11, 9, 8, 23, 21, 22, 19, 20, 3, 7]
24;115002;13.06353640556335449219;[1, 5, 6, 19, 20, 23, 21, 22, 8, 9, 11, 10, 13, 17, 16, 12, 15, 18, 14, 2, 3, 4, 7]
24;115002;13.11173009872436523438;[1, 5, 6, 19, 20, 22, 21, 23, 11, 9, 8, 10, 13, 17, 16, 12, 15, 18, 14, 2, 3, 4, 7]
24;115002;13.00889158248901367188;[1, 5, 6, 19, 20, 23, 21, 22, 8, 9, 11, 10, 13, 17, 16, 12, 15, 18, 14, 2, 3, 4, 7]
24;117450;13.15328526496887207031;[1, 6, 5, 3, 2, 14, 18, 15, 12, 16, 17, 13, 10, 8, 9, 11, 20, 19, 22, 21, 23, 4, 7]
24;115002;13.09842133522033691406;[1, 5, 6, 19, 20, 22, 21, 23, 11, 9, 8, 10, 13, 17, 16, 12, 15, 18, 14, 2, 3, 4, 7]
24;117450;13.35753130912780761719;[1, 6, 5, 3, 2, 14, 18, 15, 12, 16, 17, 13, 10, 8, 9, 11, 23, 21, 22, 19, 20, 4, 7]
24;113004;13.25473618507385253906;[6, 5, 7, 4, 3, 2, 14, 18, 15, 12, 16, 17, 13, 10, 11, 9, 8, 23, 21, 22, 19, 20, 1]
24;116932;13.28272008895874023438;[1, 19, 20, 22, 21, 23, 8, 9, 11, 10, 13, 17, 16, 12, 15, 18, 14, 2, 4, 3, 5, 6, 7]
24;117450;12.99671673774719238281;[1, 6, 5, 2, 14, 18, 15, 12, 16, 17, 13, 10, 11, 9, 8, 22, 21, 23, 20, 19, 3, 4, 7]
24;116399;13.13248705863952636719;[1, 6, 5, 7, 4, 2, 14, 18, 15, 12, 16, 17, 13, 10, 8, 9, 11, 20, 19, 23, 21, 22, 3]
24;115002;12.90504741668701171875;[1, 5, 6, 19, 20, 22, 21, 23, 8, 9, 11, 10, 13, 17, 16, 12, 15, 18, 14, 2, 3, 4, 7]
24;113941;13.20984387397766113281;[6, 5, 7, 4, 3, 2, 14, 18, 15, 12, 16, 17, 13, 10, 11, 9, 8, 23, 21, 22, 20, 19, 1]
24;115895;13.16753768920898437500;[1, 19, 20, 22, 21, 23, 8, 9, 11, 10, 13, 17, 16, 12, 15, 18, 14, 2, 3, 4, 5, 6, 7]
24;115745;13.05993795394897460938;[1, 6, 19, 20, 21, 22, 23, 8, 11, 9, 10, 13, 12, 17, 16, 15, 18, 14, 2, 3, 4, 7, 5]
24;115002;13.11180162429809570312;[1, 5, 6, 19, 20, 23, 21, 22, 8, 9, 11, 10, 13, 17, 16, 12, 15, 18, 14, 2, 3, 4, 7]
24;116400;13.21310949325561523438;[6, 5, 7, 4, 2, 14, 18, 15, 12, 16, 17, 13, 10, 8, 9, 11, 22, 21, 23, 19, 20, 3, 1]
25;117450;13.40669775009155273438;[1, 6, 5, 3, 2, 14, 18, 15, 12, 16, 17, 13, 10, 11, 9, 8, 23, 21, 22, 24, 19, 20, 4, 7]
25;117462;13.62370181083679199219;[6, 5, 4, 3, 20, 19, 23, 21, 24, 22, 11, 9, 8, 10, 13, 17, 16, 12, 15, 18, 14, 2, 7, 1]
25;116411;13.46461439132690429688;[6, 5, 7, 4, 24, 22, 21, 23, 20, 19, 11, 9, 8, 10, 13, 17, 16, 12, 15, 18, 14, 2, 3, 1]
25;114949;13.68819618225097656250;[1, 20, 19, 24, 22, 21, 23, 11, 9, 8, 10, 16, 15, 12, 17, 18, 14, 13, 2, 3, 4, 7, 5, 6]
25;118063;13.53520655632019042969;[1, 7, 2, 14, 18, 15, 12, 16, 17, 13, 10, 8, 9, 11, 24, 22, 21, 23, 20, 19, 3, 4, 5, 6]
25;115299;13.25694942474365234375;[1, 19, 20, 24, 22, 21, 23, 8, 11, 9, 10, 14, 18, 15, 16, 12, 17, 13, 2, 3, 4, 7, 5, 6]
25;116400;13.58963131904602050781;[6, 5, 7, 4, 2, 14, 18, 15, 12, 16, 17, 13, 10, 11, 9, 8, 24, 22, 21, 23, 19, 20, 3, 1]
25;116399;13.42106771469116210938;[1, 6, 5, 7, 4, 2, 14, 18, 15, 12, 16, 17, 13, 10, 8, 9, 11, 19, 20, 22, 24, 21, 23, 3]
25;117450;13.51314854621887207031;[1, 6, 5, 2, 14, 18, 15, 12, 16, 17, 13, 10, 8, 9, 11, 22, 24, 21, 23, 19, 20, 3, 4, 7]
25;115002;13.68109607696533203125;[1, 5, 6, 19, 20, 23, 21, 22, 24, 11, 9, 8, 10, 13, 17, 16, 12, 15, 18, 14, 2, 3, 4, 7]
25;116399;13.84868001937866210938;[1, 6, 5, 7, 4, 2, 14, 18, 15, 12, 16, 17, 13, 10, 11, 9, 8, 23, 21, 24, 22, 20, 19, 3]
25;115002;13.49381184577941894531;[1, 5, 6, 19, 20, 23, 21, 22, 24, 9, 11, 8, 10, 13, 17, 16, 12, 15, 18, 14, 2, 3, 4, 7]
25;117450;13.76084995269775390625;[1, 6, 5, 2, 14, 18, 15, 12, 16, 17, 13, 10, 8, 9, 11, 19, 20, 23, 21, 22, 24, 3, 4, 7]
25;116399;13.61055684089660644531;[1, 6, 5, 7, 4, 2, 14, 18, 15, 12, 16, 17, 13, 10, 8, 9, 11, 23, 21, 24, 22, 20, 19, 3]
25;115002;13.39610242843627929688;[1, 5, 6, 19, 20, 24, 22, 21, 23, 8, 9, 11, 10, 13, 17, 16, 12, 15, 18, 14, 2, 3, 4, 7]
25;115124;13.88544940948486328125;[6, 5, 7, 3, 4, 2, 14, 18, 15, 12, 16, 17, 13, 10, 11, 9, 8, 24, 22, 21, 23, 20, 19, 1]
25;117450;13.48928427696228027344;[1, 6, 5, 2, 14, 18, 15, 12, 16, 17, 13, 10, 8, 9, 11, 20, 19, 23, 21, 22, 24, 3, 4, 7]
25;116675;13.68663573265075683594;[1, 6, 19, 20, 22, 24, 21, 23, 8, 9, 11, 10, 13, 17, 16, 12, 15, 18, 14, 2, 3, 4, 5, 7]
25;115224;13.71206879615783691406;[1, 7, 5, 6, 19, 20, 24, 22, 21, 23, 11, 9, 8, 10, 13, 17, 16, 12, 15, 18, 14, 2, 4, 3]
25;113004;13.58637166023254394531;[6, 5, 7, 4, 3, 2, 14, 18, 15, 12, 16, 17, 13, 10, 8, 9, 11, 22, 24, 21, 23, 19, 20, 1]
25;115002;13.50961184501647949219;[1, 5, 6, 19, 20, 24, 22, 21, 23, 8, 9, 11, 10, 13, 17, 16, 12, 15, 18, 14, 2, 3, 4, 7]
25;115030;13.61230111122131347656;[6, 5, 7, 3, 4, 2, 13, 14, 18, 15, 12, 16, 17, 10, 9, 11, 8, 21, 22, 24, 23, 19, 20, 1]
25;113004;13.59837126731872558594;[6, 5, 7, 4, 3, 2, 14, 18, 15, 12, 16, 17, 13, 10, 11, 9, 8, 23, 21, 24, 22, 19, 20, 1]
25;115224;13.55015134811401367188;[1, 7, 5, 6, 19, 20, 22, 24, 21, 23, 11, 9, 8, 10, 13, 17, 16, 12, 15, 18, 14, 2, 4, 3]
25;117451;13.53984928131103515625;[6, 5, 2, 14, 18, 15, 12, 16, 17, 13, 10, 8, 9, 11, 19, 20, 22, 24, 21, 23, 3, 4, 7, 1]
25;116399;13.47507882118225097656;[1, 6, 5, 7, 4, 2, 14, 18, 15, 12, 16, 17, 13, 10, 11, 9, 8, 23, 21, 24, 22, 20, 19, 3]
25;113941;13.66735816001892089844;[6, 5, 7, 4, 3, 2, 14, 18, 15, 12, 16, 17, 13, 10, 8, 9, 11, 23, 21, 24, 22, 20, 19, 1]
25;116400;13.38137507438659667969;[6, 5, 7, 4, 2, 14, 18, 15, 12, 16, 17, 13, 10, 8, 9, 11, 19, 20, 22, 24, 21, 23, 3, 1]
25;113004;13.62151122093200683594;[6, 5, 7, 4, 3, 2, 14, 18, 15, 12, 16, 17, 13, 10, 11, 9, 8, 23, 21, 24, 22, 19, 20, 1]
25;115002;13.35029792785644531250;[1, 5, 6, 19, 20, 23, 21, 22, 24, 8, 9, 11, 10, 13, 17, 16, 12, 15, 18, 14, 2, 3, 4, 7]
26;114993;14.00499320030212402344;[7, 4, 3, 2, 14, 18, 15, 12, 16, 17, 13, 10, 11, 9, 8, 25, 24, 22, 21, 23, 20, 19, 6, 5, 1]
26;116399;13.89814281463623046875;[1, 6, 5, 7, 4, 2, 14, 18, 15, 12, 16, 17, 13, 10, 11, 9, 8, 23, 21, 22, 24, 25, 20, 19, 3]
26;116399;13.87881278991699218750;[1, 6, 5, 7, 4, 2, 14, 18, 15, 12, 16, 17, 13, 10, 8, 9, 11, 23, 21, 24, 22, 25, 20, 19, 3]
26;116399;13.85427927970886230469;[1, 6, 5, 7, 4, 2, 14, 18, 15, 12, 16, 17, 13, 10, 11, 9, 8, 23, 21, 22, 24, 25, 19, 20, 3]
26;113941;13.92956590652465820312;[6, 5, 7, 4, 3, 2, 14, 18, 15, 12, 16, 17, 13, 10, 8, 9, 11, 23, 21, 22, 24, 25, 20, 19, 1]
26;116399;13.93150210380554199219;[1, 6, 5, 7, 4, 2, 14, 18, 15, 12, 16, 17, 13, 10, 8, 9, 11, 25, 22, 24, 21, 23, 20, 19, 3]
26;114992;13.80871462821960449219;[1, 7, 4, 3, 2, 14, 18, 15, 12, 16, 17, 13, 10, 8, 9, 11, 25, 24, 22, 21, 23, 20, 19, 6, 5]
26;116399;13.98515391349792480469;[1, 6, 5, 7, 4, 2, 14, 18, 15, 12, 16, 17, 13, 10, 8, 9, 11, 25, 24, 22, 21, 23, 20, 19, 3]
26;114555;13.95422315597534179688;[5, 6, 7, 4, 3, 2, 14, 18, 15, 12, 16, 17, 13, 10, 11, 9, 8, 25, 22, 24, 21, 23, 20, 19, 1]
26;116400;14.04739165306091308594;[6, 5, 7, 4, 2, 14, 18, 15, 12, 16, 17, 13, 10, 8, 9, 11, 19, 20, 23, 21, 22, 24, 25, 3, 1]
26;113941;14.21625280380249023438;[6, 5, 7, 4, 3, 2, 14, 18, 15, 12, 16, 17, 13, 10, 8, 9, 11, 25, 24, 22, 21, 23, 20, 19, 1]
26;117450;14.20125341415405273438;[1, 6, 5, 2, 14, 18, 15, 12, 16, 17, 13, 10, 8, 9, 11, 25, 24, 22, 21, 23, 20, 19, 3, 4, 7]
26;116239;13.98154950141906738281;[7, 5, 6, 19, 20, 23, 25, 21, 22, 24, 11, 9, 8, 10, 13, 12, 15, 16, 17, 18, 14, 2, 4, 3, 1]
26;113004;14.22558736801147460938;[6, 5, 7, 4, 3, 2, 14, 18, 15, 12, 16, 17, 13, 10, 8, 9, 11, 23, 21, 22, 24, 25, 19, 20, 1]
26;115002;14.00656867027282714844;[1, 5, 6, 19, 20, 25, 22, 24, 21, 23, 8, 9, 11, 10, 13, 17, 16, 12, 15, 18, 14, 2, 3, 4, 7]
26;115002;13.93258595466613769531;[1, 5, 6, 19, 20, 25, 24, 22, 21, 23, 11, 9, 8, 10, 13, 17, 16, 12, 15, 18, 14, 2, 3, 4, 7]
26;115002;13.94642543792724609375;[1, 5, 6, 19, 20, 25, 22, 24, 21, 23, 8, 9, 11, 10, 13, 17, 16, 12, 15, 18, 14, 2, 3, 4, 7]
26;116400;13.79747962951660156250;[6, 5, 7, 4, 2, 14, 18, 15, 12, 16, 17, 13, 10, 8, 9, 11, 19, 20, 23, 21, 22, 24, 25, 3, 1]
26;113005;14.09978437423706054688;[6, 5, 7, 4, 3, 2, 14, 18, 15, 12, 16, 17, 13, 10, 11, 9, 8, 25, 24, 22, 21, 23, 19, 20, 1]
26;116399;14.30167603492736816406;[1, 6, 5, 7, 4, 2, 14, 18, 15, 12, 16, 17, 13, 10, 11, 9, 8, 23, 21, 22, 24, 25, 20, 19, 3]
26;116411;13.92464303970336914062;[6, 5, 7, 4, 19, 20, 25, 24, 22, 21, 23, 8, 9, 11, 10, 13, 17, 16, 12, 15, 18, 14, 2, 3, 1]
26;116399;14.07197952270507812500;[1, 6, 5, 7, 4, 2, 14, 18, 15, 12, 16, 17, 13, 10, 8, 9, 11, 25, 24, 22, 21, 23, 19, 20, 3]
26;113942;13.90267515182495117188;[6, 5, 7, 4, 3, 2, 14, 18, 15, 12, 16, 17, 13, 10, 11, 9, 8, 25, 24, 22, 21, 23, 20, 19, 1]
26;116400;13.87334465980529785156;[6, 5, 7, 4, 2, 14, 18, 15, 12, 16, 17, 13, 10, 8, 9, 11, 19, 20, 23, 21, 22, 24, 25, 3, 1]
26;116400;13.94526886940002441406;[6, 5, 7, 4, 2, 14, 18, 15, 12, 16, 17, 13, 10, 11, 9, 8, 23, 21, 22, 24, 25, 20, 19, 3, 1]
26;117451;14.25356698036193847656;[6, 5, 2, 14, 18, 15, 12, 16, 17, 13, 10, 8, 9, 11, 19, 20, 23, 21, 22, 24, 25, 3, 4, 7, 1]
26;116400;13.83024573326110839844;[6, 5, 7, 4, 2, 14, 18, 15, 12, 16, 17, 13, 10, 11, 9, 8, 23, 21, 24, 22, 25, 20, 19, 3, 1]
26;115459;13.91413903236389160156;[1, 22, 24, 25, 21, 23, 20, 19, 11, 9, 8, 10, 13, 17, 16, 12, 15, 18, 14, 2, 3, 4, 7, 5, 6]
26;116399;14.47208762168884277344;[1, 6, 5, 7, 4, 2, 14, 18, 15, 12, 16, 17, 13, 10, 8, 9, 11, 19, 20, 23, 21, 22, 24, 25, 3]
26;115002;13.76269698143005371094;[1, 5, 6, 19, 20, 23, 21, 22, 24, 25, 11, 9, 8, 10, 13, 17, 16, 12, 15, 18, 14, 2, 3, 4, 7]
27;119758;14.32375073432922363281;[6, 5, 7, 4, 3, 2, 14, 18, 15, 12, 16, 17, 13, 10, 8, 9, 11, 19, 20, 26, 22, 24, 25, 21, 23, 1]
27;117650;14.33655905723571777344;[1, 5, 6, 19, 20, 26, 22, 24, 25, 21, 23, 11, 9, 8, 10, 13, 17, 16, 12, 15, 18, 14, 2, 3, 4, 7]
27;114724;14.16061711311340332031;[6, 5, 7, 4, 3, 2, 14, 18, 15, 12, 16, 17, 13, 10, 8, 9, 11, 20, 19, 23, 25, 21, 24, 22, 26, 1]
27;117900;14.43017339706420898438;[1, 7, 5, 6, 19, 20, 23, 21, 24, 22, 26, 25, 11, 9, 8, 10, 13, 17, 16, 12, 15, 18, 14, 2, 4, 3]
27;117231;14.20205473899841308594;[5, 6, 7, 4, 3, 2, 14, 18, 15, 12, 16, 17, 13, 10, 9, 11, 8, 23, 21, 22, 26, 24, 25, 20, 19, 1]
27;119786;14.50665044784545898438;[6, 5, 7, 4, 3, 2, 14, 18, 15, 12, 16, 17, 13, 10, 8, 9, 11, 19, 20, 23, 21, 24, 22, 26, 25, 1]
27;120098;14.36902260780334472656;[1, 6, 5, 2, 14, 18, 15, 12, 16, 17, 13, 10, 8, 9, 11, 19, 20, 26, 22, 24, 25, 21, 23, 3, 4, 7]
27;120127;14.17498993873596191406;[6, 5, 2, 14, 18, 15, 12, 16, 17, 13, 10, 8, 9, 11, 23, 21, 24, 26, 22, 25, 20, 19, 3, 4, 7, 1]
27;117678;14.31177544593811035156;[1, 5, 6, 19, 20, 23, 21, 24, 22, 26, 25, 8, 9, 11, 10, 13, 17, 16, 12, 15, 18, 14, 2, 3, 4, 7]
27;115681;14.55591845512390136719;[6, 5, 7, 4, 3, 2, 14, 18, 15, 12, 16, 17, 13, 10, 11, 9, 8, 25, 24, 26, 22, 21, 23, 19, 20, 1]
27;119845;14.32195663452148437500;[1, 7, 5, 4, 3, 2, 14, 18, 15, 12, 16, 17, 13, 10, 11, 9, 8, 26, 22, 24, 25, 21, 23, 20, 19, 6]
27;115680;14.38571333885192871094;[6, 5, 7, 4, 3, 2, 14, 18, 15, 12, 16, 17, 13, 10, 11, 9, 8, 23, 21, 22, 26, 24, 25, 19, 20, 1]
27;119059;14.47342777252197265625;[6, 5, 7, 4, 19, 20, 26, 22, 24, 25, 21, 23, 8, 9, 11, 10, 13, 17, 16, 12, 15, 18, 14, 2, 3, 1]
27;115681;14.52279090881347656250;[6, 5, 7, 4, 3, 2, 14, 18, 15, 12, 16, 17, 13, 10, 11, 9, 8, 25, 24, 26, 22, 21, 23, 19, 20, 1]
27;117634;14.23396897315979003906;[20, 19, 25, 24, 26, 22, 21, 23, 11, 9, 8, 10, 17, 16, 12, 15, 18, 14, 13, 2, 3, 4, 7, 6, 5, 1]
27;120109;14.39946317672729492188;[1, 6, 5, 3, 19, 20, 26, 22, 24, 25, 21, 23, 8, 9, 11, 10, 13, 17, 16, 12, 15, 18, 14, 2, 4, 7]
27;120126;14.58547401428222656250;[1, 6, 5, 2, 14, 18, 15, 12, 16, 17, 13, 10, 8, 9, 11, 23, 21, 22, 26, 24, 25, 19, 20, 3, 4, 7]
27;117872;14.07231831550598144531;[1, 7, 5, 6, 19, 20, 26, 22, 24, 25, 21, 23, 8, 9, 11, 10, 13, 17, 16, 12, 15, 18, 14, 2, 4, 3]
27;119076;14.45097827911376953125;[1, 6, 5, 7, 4, 2, 14, 18, 15, 12, 16, 17, 13, 10, 11, 9, 8, 25, 24, 26, 22, 21, 23, 20, 19, 3]
27;119076;14.10347747802734375000;[6, 5, 7, 4, 2, 14, 18, 15, 12, 16, 17, 13, 10, 11, 9, 8, 23, 21, 26, 22, 24, 25, 20, 19, 3, 1]
27;120138;14.49125432968139648438;[6, 5, 4, 3, 25, 24, 26, 22, 21, 23, 20, 19, 11, 9, 8, 10, 13, 17, 16, 12, 15, 18, 14, 2, 7, 1]
27;119075;14.55753660202026367188;[1, 6, 5, 7, 4, 2, 14, 18, 15, 12, 16, 17, 13, 10, 8, 9, 11, 25, 26, 22, 24, 21, 23, 20, 19, 3]
27;115680;14.32839226722717285156;[6, 5, 7, 4, 3, 2, 14, 18, 15, 12, 16, 17, 13, 10, 8, 9, 11, 23, 21, 22, 26, 24, 25, 19, 20, 1]
27;119076;14.51583433151245117188;[6, 5, 7, 4, 2, 14, 18, 15, 12, 16, 17, 13, 10, 8, 9, 11, 20, 19, 25, 22, 26, 24, 21, 23, 3, 1]
27;120138;14.36022782325744628906;[6, 5, 4, 3, 20, 19, 25, 24, 26, 22, 21, 23, 11, 9, 8, 10, 13, 17, 16, 12, 15, 18, 14, 2, 7, 1]
27;120109;14.43643712997436523438;[1, 6, 5, 3, 19, 20, 26, 22, 24, 25, 21, 23, 8, 9, 11, 10, 13, 17, 16, 12, 15, 18, 14, 2, 4, 7]
27;120138;14.43702626228332519531;[6, 5, 4, 3, 20, 19, 25, 24, 26, 22, 21, 23, 11, 9, 8, 10, 13, 17, 16, 12, 15, 18, 14, 2, 7, 1]
27;115459;14.21280622482299804688;[1, 26, 22, 24, 25, 21, 23, 19, 20, 8, 9, 11, 10, 13, 17, 16, 12, 15, 18, 14, 2, 3, 4, 7, 5, 6]
27;116617;14.60154032707214355469;[6, 5, 7, 4, 3, 2, 14, 18, 15, 12, 16, 17, 13, 10, 8, 9, 11, 23, 21, 22, 26, 24, 25, 20, 19, 1]
27;120127;14.32903528213500976562;[6, 5, 2, 14, 18, 15, 12, 16, 17, 13, 10, 11, 9, 8, 23, 21, 24, 26, 22, 25, 19, 20, 3, 4, 7, 1]
28;119077;15.09423351287841796875;[6, 5, 7, 4, 2, 14, 18, 15, 12, 16, 17, 13, 10, 8, 11, 9, 19, 20, 23, 21, 22, 26, 27, 24, 25, 3, 1]
28;116907;15.00835371017456054688;[1, 20, 19, 25, 24, 27, 26, 22, 21, 23, 11, 9, 8, 10, 13, 17, 16, 12, 15, 18, 14, 2, 3, 4, 7, 6, 5]
28;119075;14.98362970352172851562;[1, 6, 5, 7, 4, 2, 14, 18, 15, 12, 16, 17, 13, 10, 8, 9, 11, 25, 24, 27, 26, 22, 21, 23, 20, 19, 3]
28;117678;14.81355285644531250000;[1, 5, 6, 19, 20, 25, 22, 26, 27, 24, 21, 23, 11, 9, 8, 10, 13, 17, 16, 12, 15, 18, 14, 2, 3, 4, 7]
28;116268;14.71356630325317382812;[1, 20, 19, 25, 24, 27, 26, 22, 21, 23, 8, 9, 11, 10, 13, 17, 16, 12, 15, 18, 14, 2, 3, 4, 7, 5, 6]
28;116268;14.78525066375732421875;[1, 20, 19, 23, 21, 24, 27, 26, 22, 25, 8, 9, 11, 10, 13, 17, 16, 12, 15, 18, 14, 2, 3, 4, 7, 5, 6]
28;116617;14.84548473358154296875;[6, 5, 7, 4, 3, 2, 14, 18, 15, 12, 16, 17, 13, 10, 8, 9, 11, 25, 24, 27, 26, 22, 21, 23, 20, 19, 1]
28;120514;14.75920391082763671875;[6, 5, 7, 4, 3, 2, 13, 14, 18, 15, 12, 16, 17, 10, 11, 9, 8, 19, 20, 23, 21, 22, 26, 27, 24, 25, 1]
28;116617;15.07464933395385742188;[6, 5, 7, 4, 3, 2, 14, 18, 15, 12, 16, 17, 13, 10, 8, 9, 11, 25, 24, 26, 27, 22, 21, 23, 20, 19, 1]
28;119075;14.95180296897888183594;[1, 6, 5, 7, 4, 2, 14, 18, 15, 12, 16, 17, 13, 10, 8, 9, 11, 19, 20, 23, 21, 26, 27, 22, 24, 25, 3]
28;117231;14.66659045219421386719;[5, 6, 7, 4, 3, 2, 14, 18, 15, 12, 16, 17, 13, 10, 11, 9, 8, 25, 27, 26, 22, 24, 21, 23, 20, 19, 1]
28;116294;14.86646819114685058594;[5, 6, 7, 4, 3, 2, 14, 18, 15, 12, 16, 17, 13, 10, 11, 9, 8, 25, 24, 27, 26, 22, 21, 23, 19, 20, 1]
28;119813;14.73593044281005859375;[1, 6, 5, 7, 4, 20, 19, 25, 24, 22, 27, 26, 21, 23, 8, 9, 11, 10, 17, 16, 12, 15, 18, 14, 13, 2, 3]
28;119047;14.75101590156555175781;[1, 6, 5, 7, 4, 2, 14, 18, 15, 12, 16, 17, 13, 10, 8, 9, 11, 19, 20, 26, 27, 22, 24, 25, 21, 23, 3]
28;119076;14.90961003303527832031;[6, 5, 7, 4, 2, 14, 18, 15, 12, 16, 17, 13, 10, 8, 9, 11, 19, 20, 23, 21, 22, 26, 27, 24, 25, 3, 1]
28;117678;14.66328859329223632812;[1, 5, 6, 19, 20, 25, 22, 26, 27, 24, 21, 23, 8, 9, 11, 10, 13, 17, 16, 12, 15, 18, 14, 2, 3, 4, 7]
28;116617;14.91837644577026367188;[6, 5, 7, 4, 3, 2, 14, 18, 15, 12, 16, 17, 13, 10, 11, 9, 8, 23, 21, 24, 27, 26, 22, 25, 20, 19, 1]
28;117668;14.86948895454406738281;[7, 4, 3, 2, 14, 18, 15, 12, 16, 17, 13, 10, 8, 9, 11, 23, 21, 22, 26, 27, 24, 25, 20, 19, 6, 5, 1]
28;119087;14.84738159179687500000;[6, 5, 7, 4, 23, 21, 24, 27, 26, 22, 25, 19, 20, 8, 9, 11, 10, 13, 17, 16, 12, 15, 18, 14, 2, 3, 1]
28;120739;14.98397421836853027344;[1, 7, 3, 2, 14, 18, 15, 12, 16, 17, 13, 10, 8, 9, 11, 25, 22, 27, 26, 24, 21, 23, 19, 20, 4, 5, 6]
28;115681;14.78660368919372558594;[6, 5, 7, 4, 3, 2, 14, 18, 15, 12, 16, 17, 13, 10, 11, 9, 8, 25, 27, 26, 22, 24, 21, 23, 19, 20, 1]
28;120126;14.72176361083984375000;[1, 6, 5, 4, 2, 14, 18, 15, 12, 16, 17, 13, 10, 8, 9, 11, 20, 19, 25, 22, 26, 27, 24, 21, 23, 3, 7]
28;119076;14.71786165237426757812;[6, 5, 7, 4, 2, 14, 18, 15, 12, 16, 17, 13, 10, 8, 9, 11, 19, 20, 25, 22, 26, 27, 24, 21, 23, 3, 1]
28;120126;14.69563221931457519531;[1, 6, 5, 3, 2, 14, 18, 15, 12, 16, 17, 13, 10, 8, 9, 11, 23, 21, 27, 26, 22, 24, 25, 19, 20, 4, 7]
28;115680;14.75902748107910156250;[6, 5, 7, 4, 3, 2, 14, 18, 15, 12, 16, 17, 13, 10, 11, 9, 8, 23, 21, 24, 26, 27, 22, 25, 19, 20, 1]
28;117650;14.71978211402893066406;[1, 5, 6, 19, 20, 26, 27, 22, 24, 25, 21, 23, 8, 9, 11, 10, 13, 17, 16, 12, 15, 18, 14, 2, 3, 4, 7]
28;115681;14.92913293838500976562;[6, 5, 7, 4, 3, 2, 14, 18, 15, 12, 16, 17, 13, 10, 9, 11, 8, 23, 21, 24, 27, 26, 22, 25, 19, 20, 1]
28;117230;14.65296721458435058594;[5, 6, 7, 4, 3, 2, 14, 18, 15, 12, 16, 17, 13, 10, 8, 9, 11, 25, 22, 27, 26, 24, 21, 23, 20, 19, 1]
28;120126;14.70749711990356445312;[1, 6, 5, 2, 14, 18, 15, 12, 16, 17, 13, 10, 8, 9, 11, 25, 24, 26, 27, 22, 21, 23, 19, 20, 3, 4, 7]
28;119075;15.07917428016662597656;[1, 6, 5, 7, 4, 2, 14, 18, 15, 12, 16, 17, 13, 10, 8, 9, 11, 25, 24, 27, 26, 22, 21, 23, 20, 19, 3]
29;118883;15.34549975395202636719;[1, 6, 5, 7, 4, 2, 14, 18, 15, 12, 16, 17, 13, 10, 11, 9, 8, 23, 28, 26, 27, 22, 24, 21, 25, 20, 19, 3]
29;119819;15.17500996589660644531;[6, 5, 7, 4, 3, 2, 25, 21, 24, 22, 27, 26, 28, 23, 20, 19, 11, 9, 8, 10, 13, 14, 17, 16, 12, 15, 18, 1]
29;118895;15.35968852043151855469;[6, 5, 7, 4, 20, 19, 25, 21, 24, 22, 27, 26, 28, 23, 8, 9, 11, 10, 13, 17, 16, 12, 15, 18, 14, 2, 3, 1]
29;117477;15.14170074462890625000;[1, 7, 4, 3, 2, 14, 18, 15, 12, 16, 17, 13, 10, 11, 9, 8, 25, 21, 24, 22, 27, 26, 28, 23, 20, 19, 6, 5]
29;119934;15.11221313476562500000;[1, 6, 5, 3, 2, 14, 18, 15, 12, 16, 17, 13, 10, 8, 9, 11, 20, 19, 25, 21, 24, 22, 27, 26, 28, 23, 4, 7]
29;117486;15.35935330390930175781;[1, 5, 6, 19, 20, 25, 21, 24, 22, 27, 26, 28, 23, 11, 9, 8, 10, 13, 17, 16, 12, 15, 18, 14, 2, 3, 4, 7]
29;119935;15.24793457984924316406;[6, 5, 2, 14, 18, 15, 12, 16, 17, 13, 10, 8, 9, 11, 19, 20, 23, 28, 26, 27, 22, 24, 21, 25, 3, 4, 7, 1]
29;120401;14.78396582603454589844;[1, 7, 4, 2, 14, 18, 15, 12, 16, 17, 13, 10, 8, 9, 11, 19, 20, 23, 28, 26, 27, 22, 24, 21, 25, 3, 5, 6]
29;119610;15.41539359092712402344;[1, 6, 5, 7, 4, 2, 13, 14, 18, 15, 12, 16, 17, 10, 8, 9, 11, 25, 21, 24, 22, 27, 26, 28, 23, 20, 19, 3]
29;118883;15.26084947586059570312;[1, 6, 5, 7, 4, 2, 14, 18, 15, 12, 16, 17, 13, 10, 11, 9, 8, 23, 28, 26, 27, 22, 24, 21, 25, 20, 19, 3]
29;119934;14.93497467041015625000;[1, 6, 5, 2, 14, 18, 15, 12, 16, 17, 13, 10, 11, 9, 8, 23, 28, 27, 26, 22, 24, 21, 25, 19, 20, 3, 4, 7]
29;118884;14.92417740821838378906;[6, 5, 7, 4, 2, 14, 18, 15, 12, 16, 17, 13, 10, 8, 9, 11, 25, 21, 24, 22, 27, 26, 28, 23, 20, 19, 3, 1]
29;117486;15.44455337524414062500;[1, 5, 6, 19, 20, 25, 21, 24, 22, 27, 26, 28, 23, 8, 9, 11, 10, 13, 17, 16, 12, 15, 18, 14, 2, 3, 4, 7]
29;118884;14.85015678405761718750;[6, 5, 7, 4, 2, 14, 18, 15, 12, 16, 17, 13, 10, 8, 9, 11, 20, 19, 25, 21, 24, 22, 27, 26, 28, 23, 3, 1]
29;115487;14.95789623260498046875;[1, 6, 5, 7, 4, 3, 2, 14, 18, 15, 12, 16, 17, 13, 10, 8, 9, 11, 23, 28, 26, 27, 22, 24, 21, 25, 19, 20]
29;119594;15.03033590316772460938;[6, 5, 7, 4, 3, 2, 14, 18, 15, 12, 16, 17, 13, 10, 8, 9, 11, 19, 20, 23, 28, 26, 27, 22, 24, 21, 25, 1]
29;119611;15.20620131492614746094;[6, 5, 7, 4, 2, 13, 14, 18, 15, 12, 16, 17, 10, 8, 9, 11, 19, 20, 23, 28, 26, 27, 22, 24, 21, 25, 3, 1]
29;116076;14.75172972679138183594;[1, 20, 19, 25, 21, 24, 22, 27, 26, 28, 23, 11, 9, 8, 10, 13, 17, 16, 12, 15, 18, 14, 2, 3, 4, 7, 5, 6]
29;117708;14.82866740226745605469;[1, 7, 5, 6, 19, 20, 23, 28, 27, 26, 22, 24, 21, 25, 8, 9, 11, 10, 13, 17, 16, 12, 15, 18, 14, 2, 4, 3]
29;117039;15.16452765464782714844;[5, 6, 7, 4, 3, 2, 14, 18, 15, 12, 16, 17, 13, 10, 11, 9, 8, 25, 21, 24, 22, 27, 26, 28, 23, 20, 19, 1]
29;120402;15.17007875442504882812;[1, 7, 4, 2, 14, 18, 15, 12, 16, 17, 13, 10, 11, 9, 8, 25, 21, 24, 22, 27, 26, 28, 23, 20, 19, 3, 5, 6]
29;117442;15.23176431655883789062;[1, 20, 19, 23, 28, 26, 27, 22, 24, 21, 25, 8, 9, 11, 10, 13, 17, 16, 12, 15, 18, 14, 2, 3, 4, 5, 6, 7]
29;118895;15.08891630172729492188;[6, 5, 7, 4, 20, 19, 23, 28, 26, 27, 22, 24, 21, 25, 11, 9, 8, 10, 13, 17, 16, 12, 15, 18, 14, 2, 3, 1]
29;116803;15.07546854019165039062;[1, 20, 19, 25, 21, 24, 22, 27, 26, 28, 23, 11, 9, 8, 10, 17, 16, 12, 15, 18, 14, 13, 2, 3, 4, 7, 5, 6]
29;119611;15.14656662940979003906;[6, 5, 7, 4, 2, 13, 14, 18, 15, 12, 16, 17, 10, 8, 9, 11, 19, 20, 23, 28, 26, 27, 22, 24, 21, 25, 3, 1]
29;118895;14.81694984436035156250;[6, 5, 7, 4, 25, 21, 24, 22, 27, 26, 28, 23, 20, 19, 11, 9, 8, 10, 13, 17, 16, 12, 15, 18, 14, 2, 3, 1]
29;117486;15.04651021957397460938;[1, 5, 6, 19, 20, 23, 28, 26, 27, 22, 24, 21, 25, 8, 9, 11, 10, 13, 17, 16, 12, 15, 18, 14, 2, 3, 4, 7]
29;119935;14.95190691947937011719;[6, 5, 2, 14, 18, 15, 12, 16, 17, 13, 10, 8, 9, 11, 20, 19, 23, 28, 26, 27, 22, 24, 21, 25, 3, 4, 7, 1]
29;119934;14.92419981956481933594;[1, 6, 5, 3, 2, 14, 18, 15, 12, 16, 17, 13, 10, 11, 9, 8, 23, 28, 27, 26, 22, 24, 21, 25, 19, 20, 4, 7]
29;117708;15.09606862068176269531;[1, 7, 5, 6, 19, 20, 25, 21, 24, 22, 26, 27, 28, 23, 8, 9, 11, 10, 13, 17, 16, 12, 15, 18, 14, 2, 4, 3]
30;125266;15.82979416847229003906;[1, 6, 5, 7, 4, 3, 2, 14, 18, 15, 12, 16, 17, 13, 25, 21, 24, 22, 27, 26, 29, 28, 23, 20, 19, 11, 9, 8, 10]
30;121475;15.99434161186218261719;[6, 5, 7, 4, 3, 2, 14, 18, 15, 12, 16, 17, 13, 10, 8, 9, 11, 19, 20, 23, 28, 29, 26, 27, 22, 24, 21, 25, 1]
30;120764;15.45573520660400390625;[1, 6, 5, 7, 4, 2, 14, 18, 15, 12, 16, 17, 13, 10, 8, 9, 11, 23, 28, 29, 26, 27, 22, 24, 21, 25, 20, 19, 3]
30;121816;15.44093108177185058594;[6, 5, 2, 14, 18, 15, 12, 16, 17, 13, 10, 8, 9, 11, 19, 20, 25, 21, 24, 22, 27, 26, 29, 28, 23, 3, 4, 7, 1]
30;120764;15.89730715751647949219;[1, 6, 5, 7, 4, 2, 14, 18, 15, 12, 16, 17, 13, 10, 8, 9, 11, 20, 19, 25, 21, 24, 22, 27, 26, 29, 28, 23, 3]
30;125266;15.59939599037170410156;[1, 6, 5, 7, 4, 3, 2, 14, 18, 15, 12, 16, 17, 13, 19, 20, 23, 28, 29, 26, 27, 22, 24, 21, 25, 8, 9, 11, 10]
30;121816;15.67717003822326660156;[6, 5, 2, 14, 18, 15, 12, 16, 17, 13, 10, 11, 9, 8, 23, 28, 29, 26, 27, 22, 24, 21, 25, 19, 20, 3, 4, 7, 1]
30;118306;15.80295610427856445312;[6, 5, 7, 4, 3, 2, 14, 18, 15, 12, 16, 17, 13, 10, 11, 9, 8, 23, 28, 29, 26, 27, 22, 24, 21, 25, 20, 19, 1]
30;121816;15.66621923446655273438;[1, 6, 5, 3, 2, 14, 18, 15, 12, 16, 17, 13, 10, 11, 9, 8, 25, 21, 24, 22, 27, 26, 29, 28, 23, 20, 19, 4, 7]
30;121815;15.39980602264404296875;[1, 6, 5, 2, 14, 18, 15, 12, 16, 17, 13, 10, 8, 9, 11, 20, 19, 25, 21, 24, 22, 27, 26, 29, 28, 23, 3, 4, 7]
30;121815;15.90571975708007812500;[1, 6, 5, 3, 2, 14, 18, 15, 12, 16, 17, 13, 10, 8, 9, 11, 23, 28, 29, 26, 27, 22, 24, 21, 25, 20, 19, 4, 7]
30;118920;15.61826348304748535156;[5, 6, 7, 4, 3, 2, 14, 18, 15, 12, 16, 17, 13, 10, 11, 9, 8, 25, 21, 24, 22, 27, 26, 29, 28, 23, 20, 19, 1]
30;119367;15.64476013183593750000;[1, 5, 6, 19, 20, 23, 28, 29, 26, 27, 22, 24, 21, 25, 8, 9, 11, 10, 13, 17, 16, 12, 15, 18, 14, 2, 3, 4, 7]
30;117957;15.57900905609130859375;[1, 20, 19, 25, 21, 24, 22, 27, 26, 29, 28, 23, 11, 9, 8, 10, 13, 17, 16, 12, 15, 18, 14, 2, 3, 4, 7, 5, 6]
30;120764;15.86771917343139648438;[1, 6, 5, 7, 4, 2, 14, 18, 15, 12, 16, 17, 13, 10, 8, 9, 11, 23, 28, 29, 26, 27, 22, 24, 21, 25, 20, 19, 3]
30;118306;15.86719560623168945312;[6, 5, 7, 4, 3, 2, 14, 18, 15, 12, 16, 17, 13, 10, 11, 9, 8, 23, 28, 29, 26, 27, 22, 24, 21, 25, 20, 19, 1]
30;121816;15.53714489936828613281;[6, 5, 2, 14, 18, 15, 12, 16, 17, 13, 10, 8, 9, 11, 19, 20, 23, 28, 29, 26, 27, 22, 24, 21, 25, 3, 4, 7, 1]
30;117369;15.55364418029785156250;[6, 5, 7, 4, 3, 2, 14, 18, 15, 12, 16, 17, 13, 10, 11, 9, 8, 23, 28, 29, 26, 27, 22, 24, 21, 25, 19, 20, 1]
30;121491;15.31952095031738281250;[1, 6, 5, 7, 4, 2, 13, 14, 18, 15, 12, 16, 17, 10, 8, 9, 11, 19, 20, 23, 28, 29, 26, 27, 22, 24, 21, 25, 3]
30;120260;15.60263204574584960938;[1, 19, 20, 23, 28, 29, 26, 27, 22, 24, 21, 25, 8, 9, 11, 10, 13, 17, 16, 12, 15, 18, 14, 2, 3, 4, 5, 6, 7]
30;121815;15.70841217041015625000;[1, 6, 5, 2, 14, 18, 15, 12, 16, 17, 13, 10, 8, 9, 11, 25, 21, 24, 22, 27, 26, 29, 28, 23, 20, 19, 3, 4, 7]
30;119369;15.61772847175598144531;[20, 19, 25, 21, 24, 22, 26, 27, 28, 29, 23, 8, 9, 11, 10, 17, 16, 12, 15, 18, 14, 13, 2, 3, 4, 7, 6, 5, 1]
30;118306;16.33000731468200683594;[6, 5, 7, 4, 3, 2, 14, 18, 15, 12, 16, 17, 13, 10, 8, 9, 11, 23, 28, 29, 26, 27, 22, 24, 21, 25, 20, 19, 1]
30;119367;15.70706748962402343750;[1, 5, 6, 19, 20, 25, 21, 24, 22, 27, 26, 29, 28, 23, 8, 9, 11, 10, 13, 17, 16, 12, 15, 18, 14, 2, 3, 4, 7]
30;118307;15.75611877441406250000;[6, 5, 7, 4, 3, 2, 14, 18, 15, 12, 16, 17, 13, 10, 8, 11, 9, 25, 21, 24, 22, 27, 26, 29, 28, 23, 20, 19, 1]
30;121816;15.75827598571777343750;[6, 5, 2, 14, 18, 15, 12, 16, 17, 13, 10, 8, 9, 11, 20, 19, 23, 28, 29, 26, 27, 22, 24, 21, 25, 3, 4, 7, 1]
30;121815;15.90240430831909179688;[1, 6, 5, 2, 14, 18, 15, 12, 16, 17, 13, 10, 8, 9, 11, 20, 19, 25, 21, 24, 22, 27, 26, 29, 28, 23, 3, 4, 7]
30;121816;15.80423092842102050781;[6, 5, 2, 14, 18, 15, 12, 16, 17, 13, 10, 8, 9, 11, 19, 20, 23, 28, 29, 26, 27, 22, 24, 21, 25, 3, 4, 7, 1]
30;119367;15.88160133361816406250;[1, 5, 6, 19, 20, 23, 28, 29, 26, 27, 22, 24, 21, 25, 8, 9, 11, 10, 13, 17, 16, 12, 15, 18, 14, 2, 3, 4, 7]
30;122282;15.81129622459411621094;[1, 7, 4, 2, 14, 18, 15, 12, 16, 17, 13, 10, 11, 9, 8, 23, 28, 29, 26, 27, 22, 24, 21, 25, 20, 19, 3, 5, 6]
